major,school,degree_level,academic_year,plan_status,requirement_group,course_code,course_title,course_type,credit_hours,prerequisites,source_page,source
Architectural Engineering,School of Built Environment Engineering,BSc,,current,School Requirements,10101100,Workshop I,,,-,3,73f333d7-5819-ed11-b847-00155d140b05_de4c2204703a4f01be2ef1b0dcbc097b.pdf
Architectural Engineering,School of Built Environment Engineering,BSc,,current,School Requirements,10303100,Functional Physics,,,-,3,73f333d7-5819-ed11-b847-00155d140b05_de4c2204703a4f01be2ef1b0dcbc097b.pdf
Architectural Engineering,School of Built Environment Engineering,BSc,,current,School Requirements,10303110,Functional Math,,,-,3,73f333d7-5819-ed11-b847-00155d140b05_de4c2204703a4f01be2ef1b0dcbc097b.pdf
Architectural Engineering,School of Built Environment Engineering,BSc,,current,School Requirements,50400251,Construction Environment,,,-,6,73f333d7-5819-ed11-b847-00155d140b05_de4c2204703a4f01be2ef1b0dcbc097b.pdf
Architectural Engineering,School of Built Environment Engineering,BSc,,current,School Requirements,50400252,Tendering and Procurement,,,50400251,6,73f333d7-5819-ed11-b847-00155d140b05_de4c2204703a4f01be2ef1b0dcbc097b.pdf
Architectural Engineering,School of Built Environment Engineering,BSc,,current,School Requirements,50400253,Site Supervision & Operations,,,50400251,6,73f333d7-5819-ed11-b847-00155d140b05_de4c2204703a4f01be2ef1b0dcbc097b.pdf
Architectural Engineering,School of Built Environment Engineering,BSc,,current,School Requirements,50400254,Legal & Statutory Responsibilities in Construction,,,50400251,6,73f333d7-5819-ed11-b847-00155d140b05_de4c2204703a4f01be2ef1b0dcbc097b.pdf
Architectural Engineering,School of Built Environment Engineering,BSc,,current,School Requirements,50400351,Project Management,,,50400251,6,73f333d7-5819-ed11-b847-00155d140b05_de4c2204703a4f01be2ef1b0dcbc097b.pdf
Architectural Engineering,School of Built Environment Engineering,BSc,,current,School Requirements,50400352,Contracts & Management,,,50400252,7,73f333d7-5819-ed11-b847-00155d140b05_de4c2204703a4f01be2ef1b0dcbc097b.pdf
Architectural Engineering,School of Built Environment Engineering,BSc,,current,School Requirements,50400471,Integrated Design I,,,50401172,6,73f333d7-5819-ed11-b847-00155d140b05_de4c2204703a4f01be2ef1b0dcbc097b.pdf
Architectural Engineering,School of Built Environment Engineering,BSc,,current,School Requirements,50400472,Integrated Design II,,,50400471,6,73f333d7-5819-ed11-b847-00155d140b05_de4c2204703a4f01be2ef1b0dcbc097b.pdf
Architectural Engineering,School of Built Environment Engineering,BSc,,current,School Requirements,50400481,Work Integrated Learning I,,,Successfully completed 96 CH + Entrepreneurship Bootcamp,7,73f333d7-5819-ed11-b847-00155d140b05_de4c2204703a4f01be2ef1b0dcbc097b.pdf
Architectural Engineering,School of Built Environment Engineering,BSc,,current,School Requirements,50400482,Work Integrated Learning II,,,50400481,7,73f333d7-5819-ed11-b847-00155d140b05_de4c2204703a4f01be2ef1b0dcbc097b.pdf
Architectural Engineering,School of Built Environment Engineering,BSc,,current,School Requirements,50400533,Measurement and Cost Estimate,,,50401121,5,73f333d7-5819-ed11-b847-00155d140b05_de4c2204703a4f01be2ef1b0dcbc097b.pdf
Architectural Engineering,School of Built Environment Engineering,BSc,,current,School Requirements,50400552,Standard Forms of Contract for Construction (FIDIC),,,50400252,5,73f333d7-5819-ed11-b847-00155d140b05_de4c2204703a4f01be2ef1b0dcbc097b.pdf
Architectural Engineering,School of Built Environment Engineering,BSc,,current,School Requirements,50400554,Digital Construction Planning,,,50400471,5,73f333d7-5819-ed11-b847-00155d140b05_de4c2204703a4f01be2ef1b0dcbc097b.pdf
Architectural Engineering,School of Built Environment Engineering,BSc,,current,School Requirements,50400555,Delay Analysis and Claims Management,,,50400352 or 50400252,5,73f333d7-5819-ed11-b847-00155d140b05_de4c2204703a4f01be2ef1b0dcbc097b.pdf
Architectural Engineering,School of Built Environment Engineering,BSc,,current,School Requirements,50400591,Professional Certification I,,,,4,73f333d7-5819-ed11-b847-00155d140b05_de4c2204703a4f01be2ef1b0dcbc097b.pdf
Architectural Engineering,School of Built Environment Engineering,BSc,,current,School Requirements,50400592,Professional Certification II,,,,4,73f333d7-5819-ed11-b847-00155d140b05_de4c2204703a4f01be2ef1b0dcbc097b.pdf
Architectural Engineering,School of Built Environment Engineering,BSc,,current,School Requirements,50400593,Special Topics in Construction I,,,,4,73f333d7-5819-ed11-b847-00155d140b05_de4c2204703a4f01be2ef1b0dcbc097b.pdf
Architectural Engineering,School of Built Environment Engineering,BSc,,current,School Requirements,50400594,Special Topics in Construction II,,,,4,73f333d7-5819-ed11-b847-00155d140b05_de4c2204703a4f01be2ef1b0dcbc097b.pdf
Architectural Engineering,School of Built Environment Engineering,BSc,,current,School Requirements,50400595,Learning Through Exposure,,,,4,73f333d7-5819-ed11-b847-00155d140b05_de4c2204703a4f01be2ef1b0dcbc097b.pdf
Architectural Engineering,School of Built Environment Engineering,BSc,,current,School Requirements,50400596,Construction Industry: Challenges and Opportunities,,,,4,73f333d7-5819-ed11-b847-00155d140b05_de4c2204703a4f01be2ef1b0dcbc097b.pdf
Architectural Engineering,School of Built Environment Engineering,BSc,,current,School Requirements,50401111,Construction Information and Technical Drafting,,,-,3,73f333d7-5819-ed11-b847-00155d140b05_de4c2204703a4f01be2ef1b0dcbc097b.pdf
Architectural Engineering,School of Built Environment Engineering,BSc,,current,School Requirements,50401112,Architectural Communication Techniques,,,-,4,73f333d7-5819-ed11-b847-00155d140b05_de4c2204703a4f01be2ef1b0dcbc097b.pdf
Architectural Engineering,School of Built Environment Engineering,BSc,,current,School Requirements,50401113,Computer Visualizations,,,50401111,4,73f333d7-5819-ed11-b847-00155d140b05_de4c2204703a4f01be2ef1b0dcbc097b.pdf
Architectural Engineering,School of Built Environment Engineering,BSc,,current,School Requirements,50401121,Digital Applications for Construction Information,,,50401111,6,73f333d7-5819-ed11-b847-00155d140b05_de4c2204703a4f01be2ef1b0dcbc097b.pdf
Architectural Engineering,School of Built Environment Engineering,BSc,,current,School Requirements,50401131,Understanding Architecture I,,,-,4,73f333d7-5819-ed11-b847-00155d140b05_de4c2204703a4f01be2ef1b0dcbc097b.pdf
Architectural Engineering,School of Built Environment Engineering,BSc,,current,School Requirements,50401171,Creative Design Studio,,,-,4,73f333d7-5819-ed11-b847-00155d140b05_de4c2204703a4f01be2ef1b0dcbc097b.pdf
Architectural Engineering,School of Built Environment Engineering,BSc,,current,School Requirements,50401172,Construction Design Project (Arch) – Pearson Set,,,50401171,6,73f333d7-5819-ed11-b847-00155d140b05_de4c2204703a4f01be2ef1b0dcbc097b.pdf
Architectural Engineering,School of Built Environment Engineering,BSc,,current,School Requirements,50401211,Digital Fabrication Workshop,,,3,3,73f333d7-5819-ed11-b847-00155d140b05_de4c2204703a4f01be2ef1b0dcbc097b.pdf
Architectural Engineering,School of Built Environment Engineering,BSc,,current,School Requirements,50401212,Scripting for Construction,,,50401121 Digital Applications for Construction Information,3,73f333d7-5819-ed11-b847-00155d140b05_de4c2204703a4f01be2ef1b0dcbc097b.pdf
Architectural Engineering,School of Built Environment Engineering,BSc,,current,School Requirements,50401213,Virtual Reality Techniques in Construction,,,50401121 Digital Applications for Construction Information,3,73f333d7-5819-ed11-b847-00155d140b05_de4c2204703a4f01be2ef1b0dcbc097b.pdf
Architectural Engineering,School of Built Environment Engineering,BSc,,current,School Requirements,50401221,Construction Technology,,,50402121,6,73f333d7-5819-ed11-b847-00155d140b05_de4c2204703a4f01be2ef1b0dcbc097b.pdf
Architectural Engineering,School of Built Environment Engineering,BSc,,current,School Requirements,50401231,Understanding Architecture II,,,50401131,4,73f333d7-5819-ed11-b847-00155d140b05_de4c2204703a4f01be2ef1b0dcbc097b.pdf
Architectural Engineering,School of Built Environment Engineering,BSc,,current,School Requirements,50401232,Principles of Refurbishment,,,50401131,6,73f333d7-5819-ed11-b847-00155d140b05_de4c2204703a4f01be2ef1b0dcbc097b.pdf
Architectural Engineering,School of Built Environment Engineering,BSc,,current,School Requirements,50401271,Design Studio: Experimental Design,,,50401171,4,73f333d7-5819-ed11-b847-00155d140b05_de4c2204703a4f01be2ef1b0dcbc097b.pdf
Architectural Engineering,School of Built Environment Engineering,BSc,,current,School Requirements,50401272,Design Studio: Modular Buildings,,,50401171,4,73f333d7-5819-ed11-b847-00155d140b05_de4c2204703a4f01be2ef1b0dcbc097b.pdf
Architectural Engineering,School of Built Environment Engineering,BSc,,current,School Requirements,50401273,Design Studio: Culture and Identity,,,50401172,4,73f333d7-5819-ed11-b847-00155d140b05_de4c2204703a4f01be2ef1b0dcbc097b.pdf
Architectural Engineering,School of Built Environment Engineering,BSc,,current,School Requirements,50401274,Design Studio: Retrofitting and Adaptive Re-use,,,50401172,4,73f333d7-5819-ed11-b847-00155d140b05_de4c2204703a4f01be2ef1b0dcbc097b.pdf
Architectural Engineering,School of Built Environment Engineering,BSc,,current,School Requirements,50401311,"Surveying for Conservation, Renovation & Refurbishment",,,50401121,7,73f333d7-5819-ed11-b847-00155d140b05_de4c2204703a4f01be2ef1b0dcbc097b.pdf
Architectural Engineering,School of Built Environment Engineering,BSc,,current,School Requirements,50401321,Advanced Building Information Modeling,,,50401121,7,73f333d7-5819-ed11-b847-00155d140b05_de4c2204703a4f01be2ef1b0dcbc097b.pdf
Architectural Engineering,School of Built Environment Engineering,BSc,,current,School Requirements,50401322,Building Management Systems,,,50401221,7,73f333d7-5819-ed11-b847-00155d140b05_de4c2204703a4f01be2ef1b0dcbc097b.pdf
Architectural Engineering,School of Built Environment Engineering,BSc,,current,School Requirements,50401323,Construction Technology for Complex Building Projects,,,50401221,6,73f333d7-5819-ed11-b847-00155d140b05_de4c2204703a4f01be2ef1b0dcbc097b.pdf
Architectural Engineering,School of Built Environment Engineering,BSc,,current,School Requirements,50401361,Principles of Green Buildings,,,Functional Physics,3,73f333d7-5819-ed11-b847-00155d140b05_de4c2204703a4f01be2ef1b0dcbc097b.pdf
Architectural Engineering,School of Built Environment Engineering,BSc,,current,School Requirements,50401371,Design Studio: Sustainable Design,,,50401273 or 50401274,5,73f333d7-5819-ed11-b847-00155d140b05_de4c2204703a4f01be2ef1b0dcbc097b.pdf
Architectural Engineering,School of Built Environment Engineering,BSc,,current,School Requirements,50401372,Design Studio: Complex Buildings,,,50401273 or 50401274,5,73f333d7-5819-ed11-b847-00155d140b05_de4c2204703a4f01be2ef1b0dcbc097b.pdf
Architectural Engineering,School of Built Environment Engineering,BSc,,current,School Requirements,50401373,Design Studio: Parametric Architecture,,,50401273 or 50401274,5,73f333d7-5819-ed11-b847-00155d140b05_de4c2204703a4f01be2ef1b0dcbc097b.pdf
Architectural Engineering,School of Built Environment Engineering,BSc,,current,School Requirements,50401374,Design Studio: Housing Planning and Design,,,50401273 or 50401274,5,73f333d7-5819-ed11-b847-00155d140b05_de4c2204703a4f01be2ef1b0dcbc097b.pdf
Architectural Engineering,School of Built Environment Engineering,BSc,,current,School Requirements,50401521,Digital Applications in BIM,,,50401121 Digital Applications for Construction Information,3,73f333d7-5819-ed11-b847-00155d140b05_de4c2204703a4f01be2ef1b0dcbc097b.pdf
Architectural Engineering,School of Built Environment Engineering,BSc,,current,School Requirements,50401531,Conservation Theory and Practice,,,50401172,5,73f333d7-5819-ed11-b847-00155d140b05_de4c2204703a4f01be2ef1b0dcbc097b.pdf
Architectural Engineering,School of Built Environment Engineering,BSc,,current,School Requirements,50401532,Building Pathology and Diagnosis,,,50401172,5,73f333d7-5819-ed11-b847-00155d140b05_de4c2204703a4f01be2ef1b0dcbc097b.pdf
Architectural Engineering,School of Built Environment Engineering,BSc,,current,School Requirements,50401533,Principles of Museum Planning and Management,,,50401172,5,73f333d7-5819-ed11-b847-00155d140b05_de4c2204703a4f01be2ef1b0dcbc097b.pdf
Architectural Engineering,School of Built Environment Engineering,BSc,,current,School Requirements,50401541,Design in the Urban Context,,,50400481,4,73f333d7-5819-ed11-b847-00155d140b05_de4c2204703a4f01be2ef1b0dcbc097b.pdf
Architectural Engineering,School of Built Environment Engineering,BSc,,current,School Requirements,50401542,Landscape Urbanism,,,50400481,4,73f333d7-5819-ed11-b847-00155d140b05_de4c2204703a4f01be2ef1b0dcbc097b.pdf
Architectural Engineering,School of Built Environment Engineering,BSc,,current,School Requirements,50401543,Principles of Sustainable Urbanism,,,50401361,4,73f333d7-5819-ed11-b847-00155d140b05_de4c2204703a4f01be2ef1b0dcbc097b.pdf
Architectural Engineering,School of Built Environment Engineering,BSc,,current,School Requirements,50401544,The Built Environment and Human Behaviour,,,50401231,5,73f333d7-5819-ed11-b847-00155d140b05_de4c2204703a4f01be2ef1b0dcbc097b.pdf
Architectural Engineering,School of Built Environment Engineering,BSc,,current,School Requirements,50401561,Building Performance Modeling,,,50401361,5,73f333d7-5819-ed11-b847-00155d140b05_de4c2204703a4f01be2ef1b0dcbc097b.pdf
Architectural Engineering,School of Built Environment Engineering,BSc,,current,School Requirements,50401570,Architectural Design Boot Camp,,,50400481,4,73f333d7-5819-ed11-b847-00155d140b05_de4c2204703a4f01be2ef1b0dcbc097b.pdf
Architectural Engineering,School of Built Environment Engineering,BSc,,current,School Requirements,50401571,Capstone Project I (Arch),,,50400481,4,73f333d7-5819-ed11-b847-00155d140b05_de4c2204703a4f01be2ef1b0dcbc097b.pdf
Architectural Engineering,School of Built Environment Engineering,BSc,,current,School Requirements,50401572,Capstone Project II (Arch),,,50401571,4,73f333d7-5819-ed11-b847-00155d140b05_de4c2204703a4f01be2ef1b0dcbc097b.pdf
Architectural Engineering,School of Built Environment Engineering,BSc,,current,School Requirements,50402121,Structural Systems: Morphology & Behavior,,,Functional Physics,3,73f333d7-5819-ed11-b847-00155d140b05_de4c2204703a4f01be2ef1b0dcbc097b.pdf
Architectural Engineering,School of Built Environment Engineering,BSc,,current,School Requirements,50402202,Mathematics for Construction,,,Functional Math,6,73f333d7-5819-ed11-b847-00155d140b05_de4c2204703a4f01be2ef1b0dcbc097b.pdf
Architectural Engineering,School of Built Environment Engineering,BSc,,current,School Requirements,50402203,Science and Materials,,,Functional Physics,6,73f333d7-5819-ed11-b847-00155d140b05_de4c2204703a4f01be2ef1b0dcbc097b.pdf
Architectural Engineering,School of Built Environment Engineering,BSc,,current,School Requirements,50402211,Land Surveying & Remote Sensing,,,50401111,5,73f333d7-5819-ed11-b847-00155d140b05_de4c2204703a4f01be2ef1b0dcbc097b.pdf
Architectural Engineering,School of Built Environment Engineering,BSc,,current,School Requirements,50402212,Civil Engineering Drawing,,,50400472 or 50402231,5,73f333d7-5819-ed11-b847-00155d140b05_de4c2204703a4f01be2ef1b0dcbc097b.pdf
Architectural Engineering,School of Built Environment Engineering,BSc,,current,School Requirements,50402221,Principles of Off-site Construction,,,50402121,6,73f333d7-5819-ed11-b847-00155d140b05_de4c2204703a4f01be2ef1b0dcbc097b.pdf
Architectural Engineering,School of Built Environment Engineering,BSc,,current,School Requirements,50402343,Civil Engineering Technology,,,50401221,6,73f333d7-5819-ed11-b847-00155d140b05_de4c2204703a4f01be2ef1b0dcbc097b.pdf
Architectural Engineering,School of Built Environment Engineering,BSc,,current,School Requirements,50402361,Sustainable Methods for Construction,,,50401221,7,73f333d7-5819-ed11-b847-00155d140b05_de4c2204703a4f01be2ef1b0dcbc097b.pdf
Architectural Engineering,School of Built Environment Engineering,BSc,,current,School Requirements,50402511,Design and Built Workshop,,,,4,73f333d7-5819-ed11-b847-00155d140b05_de4c2204703a4f01be2ef1b0dcbc097b.pdf
Architectural Engineering,School of Built Environment Engineering,BSc,,current,School Requirements,50402512,Geographic Information system,,,50402211 Land Surveying & Remote Sensing,5,73f333d7-5819-ed11-b847-00155d140b05_de4c2204703a4f01be2ef1b0dcbc097b.pdf
Architectural Engineering,School of Built Environment Engineering,BSc,,current,School Requirements,50402521,Artificial Intelligence Applications in Construction,,,50401521 Digital Applications in BIM,3,73f333d7-5819-ed11-b847-00155d140b05_de4c2204703a4f01be2ef1b0dcbc097b.pdf
Architectural Engineering,School of Built Environment Engineering,BSc,,current,University Requirements,10301121,English Pre-Intermediate Intensive + Lab,,,10301120,1,73f333d7-5819-ed11-b847-00155d140b05_de4c2204703a4f01be2ef1b0dcbc097b.pdf
Architectural Engineering,School of Built Environment Engineering,BSc,,current,University Requirements,10301123,English Intermediate,,,10301121,1,73f333d7-5819-ed11-b847-00155d140b05_de4c2204703a4f01be2ef1b0dcbc097b.pdf
Architectural Engineering,School of Built Environment Engineering,BSc,,current,University Requirements,10301124,English Upper-Intermediate,,,10301122 or 10301123,1,73f333d7-5819-ed11-b847-00155d140b05_de4c2204703a4f01be2ef1b0dcbc097b.pdf
Architectural Engineering,School of Built Environment Engineering,BSc,,current,University Requirements,10301125,English Advanced,,,10301124,1,73f333d7-5819-ed11-b847-00155d140b05_de4c2204703a4f01be2ef1b0dcbc097b.pdf
Architectural Engineering,School of Built Environment Engineering,BSc,,current,University Requirements,40302111,Professional Skills,,,,1,73f333d7-5819-ed11-b847-00155d140b05_de4c2204703a4f01be2ef1b0dcbc097b.pdf
Architectural Engineering,School of Built Environment Engineering,BSc,,current,University Requirements,40302211,Professional Practice,,,40302111,2,73f333d7-5819-ed11-b847-00155d140b05_de4c2204703a4f01be2ef1b0dcbc097b.pdf
Architectural Engineering,School of Built Environment Engineering,BSc,,current,University Requirements,50400451,Personal Professional Development,,,Successfully completed 110 CH + Entrepreneurship bootcamp,2,73f333d7-5819-ed11-b847-00155d140b05_de4c2204703a4f01be2ef1b0dcbc097b.pdf
Architectural Engineering,School of Built Environment Engineering,Technical,,current,School Requirements,50400251,Construction Environment,,,-,4,73f333d7-5819-ed11-b847-00155d140b05_9eeab80faa5d40f1a129a13709564577.pdf
Architectural Engineering,School of Built Environment Engineering,Technical,,current,School Requirements,50400252,Tendering and Procurement,,,50400251,4,73f333d7-5819-ed11-b847-00155d140b05_9eeab80faa5d40f1a129a13709564577.pdf
Architectural Engineering,School of Built Environment Engineering,Technical,,current,School Requirements,50400253,Site Supervision & Operations,,,50400251,5,73f333d7-5819-ed11-b847-00155d140b05_9eeab80faa5d40f1a129a13709564577.pdf
Architectural Engineering,School of Built Environment Engineering,Technical,,current,School Requirements,50400254,Legal & Statutory Responsibilities in Construction,,,50400251,4,73f333d7-5819-ed11-b847-00155d140b05_9eeab80faa5d40f1a129a13709564577.pdf
Architectural Engineering,School of Built Environment Engineering,Technical,,current,School Requirements,50400351,Project Management,,,50400251,5,73f333d7-5819-ed11-b847-00155d140b05_9eeab80faa5d40f1a129a13709564577.pdf
Architectural Engineering,School of Built Environment Engineering,Technical,,current,School Requirements,50400352,Contracts & Management,,,50400252,5,73f333d7-5819-ed11-b847-00155d140b05_9eeab80faa5d40f1a129a13709564577.pdf
Architectural Engineering,School of Built Environment Engineering,Technical,,current,School Requirements,50400471,Integrated Design I,,,50401172 or CIV,5,73f333d7-5819-ed11-b847-00155d140b05_9eeab80faa5d40f1a129a13709564577.pdf
Architectural Engineering,School of Built Environment Engineering,Technical,,current,School Requirements,50400472,Integrated Design II,,,50400471,5,73f333d7-5819-ed11-b847-00155d140b05_9eeab80faa5d40f1a129a13709564577.pdf
Architectural Engineering,School of Built Environment Engineering,Technical,,current,School Requirements,50400481,Work Integrated Learning I,,,Successfully completed 96 CH + Entrepreneurship bootcamp,6,73f333d7-5819-ed11-b847-00155d140b05_9eeab80faa5d40f1a129a13709564577.pdf
Architectural Engineering,School of Built Environment Engineering,Technical,,current,School Requirements,50400482,Work Integrated Learning II,,,50400481,6,73f333d7-5819-ed11-b847-00155d140b05_9eeab80faa5d40f1a129a13709564577.pdf
Architectural Engineering,School of Built Environment Engineering,Technical,,current,School Requirements,50401111,Construction Information and Technical Drafting,,,-,3,73f333d7-5819-ed11-b847-00155d140b05_9eeab80faa5d40f1a129a13709564577.pdf
Architectural Engineering,School of Built Environment Engineering,Technical,,current,School Requirements,50401112,Architectural Communication Techniques,,,-,3,73f333d7-5819-ed11-b847-00155d140b05_9eeab80faa5d40f1a129a13709564577.pdf
Architectural Engineering,School of Built Environment Engineering,Technical,,current,School Requirements,50401113,Computer Visualizations,,,50401111,3,73f333d7-5819-ed11-b847-00155d140b05_9eeab80faa5d40f1a129a13709564577.pdf
Architectural Engineering,School of Built Environment Engineering,Technical,,current,School Requirements,50401121,Digital Applications for Construction Information,,,50401111,4,73f333d7-5819-ed11-b847-00155d140b05_9eeab80faa5d40f1a129a13709564577.pdf
Architectural Engineering,School of Built Environment Engineering,Technical,,current,School Requirements,50401131,Understanding Architecture I,,,-,3,73f333d7-5819-ed11-b847-00155d140b05_9eeab80faa5d40f1a129a13709564577.pdf
Architectural Engineering,School of Built Environment Engineering,Technical,,current,School Requirements,50401171,Creative Design Studio,,,-,3,73f333d7-5819-ed11-b847-00155d140b05_9eeab80faa5d40f1a129a13709564577.pdf
Architectural Engineering,School of Built Environment Engineering,Technical,,current,School Requirements,50401172,Construction Design Project (Arch) – Pearson Set,,,50401171,4,73f333d7-5819-ed11-b847-00155d140b05_9eeab80faa5d40f1a129a13709564577.pdf
Architectural Engineering,School of Built Environment Engineering,Technical,,current,School Requirements,50401211,Digital Fabrication Workshop,,,3,3,73f333d7-5819-ed11-b847-00155d140b05_9eeab80faa5d40f1a129a13709564577.pdf
Architectural Engineering,School of Built Environment Engineering,Technical,,current,School Requirements,50401212,Scripting for Construction,,,50401121 Digital Applications for Construction Information,3,73f333d7-5819-ed11-b847-00155d140b05_9eeab80faa5d40f1a129a13709564577.pdf
Architectural Engineering,School of Built Environment Engineering,Technical,,current,School Requirements,50401213,Virtual Reality Techniques in Construction,,,50401121 Digital Applications for Construction Information,3,73f333d7-5819-ed11-b847-00155d140b05_9eeab80faa5d40f1a129a13709564577.pdf
Architectural Engineering,School of Built Environment Engineering,Technical,,current,School Requirements,50401221,Construction Technology,,,50402121,4,73f333d7-5819-ed11-b847-00155d140b05_9eeab80faa5d40f1a129a13709564577.pdf
Architectural Engineering,School of Built Environment Engineering,Technical,,current,School Requirements,50401231,Understanding Architecture II,,,50401131,3,73f333d7-5819-ed11-b847-00155d140b05_9eeab80faa5d40f1a129a13709564577.pdf
Architectural Engineering,School of Built Environment Engineering,Technical,,current,School Requirements,50401232,Principles of Refurbishment,,,50401131,5,73f333d7-5819-ed11-b847-00155d140b05_9eeab80faa5d40f1a129a13709564577.pdf
Architectural Engineering,School of Built Environment Engineering,Technical,,current,School Requirements,50401271,Design Studio: Experimental Design,,,50401171,4,73f333d7-5819-ed11-b847-00155d140b05_9eeab80faa5d40f1a129a13709564577.pdf
Architectural Engineering,School of Built Environment Engineering,Technical,,current,School Requirements,50401272,Design Studio: Modular Buildings,,,50401171,4,73f333d7-5819-ed11-b847-00155d140b05_9eeab80faa5d40f1a129a13709564577.pdf
Architectural Engineering,School of Built Environment Engineering,Technical,,current,School Requirements,50401273,Design Studio: Culture and Identity,,,50401172,4,73f333d7-5819-ed11-b847-00155d140b05_9eeab80faa5d40f1a129a13709564577.pdf
Architectural Engineering,School of Built Environment Engineering,Technical,,current,School Requirements,50401274,Design Studio: Retrofitting and Adaptive Re-use,,,50401172,4,73f333d7-5819-ed11-b847-00155d140b05_9eeab80faa5d40f1a129a13709564577.pdf
Architectural Engineering,School of Built Environment Engineering,Technical,,current,School Requirements,50401311,"Surveying for Conservation, Renovation & Refurbishment",,,50401121,5,73f333d7-5819-ed11-b847-00155d140b05_9eeab80faa5d40f1a129a13709564577.pdf
Architectural Engineering,School of Built Environment Engineering,Technical,,current,School Requirements,50401321,Advanced Building Information Modeling,,,50401121,5,73f333d7-5819-ed11-b847-00155d140b05_9eeab80faa5d40f1a129a13709564577.pdf
Architectural Engineering,School of Built Environment Engineering,Technical,,current,School Requirements,50401322,Building Management Systems,,,50401221,5,73f333d7-5819-ed11-b847-00155d140b05_9eeab80faa5d40f1a129a13709564577.pdf
Architectural Engineering,School of Built Environment Engineering,Technical,,current,School Requirements,50401323,Construction Technology for Complex Building Projects,,,50401221,5,73f333d7-5819-ed11-b847-00155d140b05_9eeab80faa5d40f1a129a13709564577.pdf
Architectural Engineering,School of Built Environment Engineering,Technical,,current,School Requirements,50401361,Principles of Green Buildings,,,Functional Physics,3,73f333d7-5819-ed11-b847-00155d140b05_9eeab80faa5d40f1a129a13709564577.pdf
Architectural Engineering,School of Built Environment Engineering,Technical,,current,School Requirements,50401371,Design Studio: Sustainable Design,,,50401273 or 50401274,4,73f333d7-5819-ed11-b847-00155d140b05_9eeab80faa5d40f1a129a13709564577.pdf
Architectural Engineering,School of Built Environment Engineering,Technical,,current,School Requirements,50401372,Design Studio: Complex Buildings,,,50401273 or 50401274,4,73f333d7-5819-ed11-b847-00155d140b05_9eeab80faa5d40f1a129a13709564577.pdf
Architectural Engineering,School of Built Environment Engineering,Technical,,current,School Requirements,50401373,Design Studio: Parametric Architecture,,,50401273 or 50401274,4,73f333d7-5819-ed11-b847-00155d140b05_9eeab80faa5d40f1a129a13709564577.pdf
Architectural Engineering,School of Built Environment Engineering,Technical,,current,School Requirements,50401374,Design Studio: Housing Planning and Design,,,50401273 or 50401274,4,73f333d7-5819-ed11-b847-00155d140b05_9eeab80faa5d40f1a129a13709564577.pdf
Architectural Engineering,School of Built Environment Engineering,Technical,,current,School Requirements,50402121,Structural Systems: Morphology & Behavior,,,Functional Physics,3,73f333d7-5819-ed11-b847-00155d140b05_9eeab80faa5d40f1a129a13709564577.pdf
Architectural Engineering,School of Built Environment Engineering,Technical,,current,School Requirements,50402202,Mathematics for Construction,,,Functional Math,5,73f333d7-5819-ed11-b847-00155d140b05_9eeab80faa5d40f1a129a13709564577.pdf
Architectural Engineering,School of Built Environment Engineering,Technical,,current,School Requirements,50402203,Science and Materials,,,Functional Physics,5,73f333d7-5819-ed11-b847-00155d140b05_9eeab80faa5d40f1a129a13709564577.pdf
Architectural Engineering,School of Built Environment Engineering,Technical,,current,School Requirements,50402221,Principles of Off-site Construction,,,50402121,5,73f333d7-5819-ed11-b847-00155d140b05_9eeab80faa5d40f1a129a13709564577.pdf
Architectural Engineering,School of Built Environment Engineering,Technical,,current,School Requirements,50402343,Civil Engineering Technology,,,50401221,5,73f333d7-5819-ed11-b847-00155d140b05_9eeab80faa5d40f1a129a13709564577.pdf
Architectural Engineering,School of Built Environment Engineering,Technical,,current,School Requirements,50402361,Sustainable Methods for Construction,,,50401221,5,73f333d7-5819-ed11-b847-00155d140b05_9eeab80faa5d40f1a129a13709564577.pdf
Architectural Engineering,School of Built Environment Engineering,Technical,,current,University Requirements,10301121,English Pre-Intermediate Intensive + Lab,,,10301120,1,73f333d7-5819-ed11-b847-00155d140b05_9eeab80faa5d40f1a129a13709564577.pdf
Architectural Engineering,School of Built Environment Engineering,Technical,,current,University Requirements,10301123,English Intermediate,,,10301121,1,73f333d7-5819-ed11-b847-00155d140b05_9eeab80faa5d40f1a129a13709564577.pdf
Architectural Engineering,School of Built Environment Engineering,Technical,,current,University Requirements,10301124,English Upper-Intermediate,,,10301122 or 10301123,1,73f333d7-5819-ed11-b847-00155d140b05_9eeab80faa5d40f1a129a13709564577.pdf
Architectural Engineering,School of Built Environment Engineering,Technical,,current,University Requirements,40302111,Professional Skills,,,,1,73f333d7-5819-ed11-b847-00155d140b05_9eeab80faa5d40f1a129a13709564577.pdf
Architectural Engineering,School of Built Environment Engineering,Technical,,current,University Requirements,40302211,Professional Practice,,,40302111,2,73f333d7-5819-ed11-b847-00155d140b05_9eeab80faa5d40f1a129a13709564577.pdf
Architectural Engineering,School of Built Environment Engineering,Technical,,current,University Requirements,40302231,Entrepreneurship Bootcamp,,,3,1,73f333d7-5819-ed11-b847-00155d140b05_9eeab80faa5d40f1a129a13709564577.pdf
Architectural Engineering,School of Built Environment Engineering,Technical,,current,University Requirements,50400451,Personal Professional Development,,,Successfully completed 110 CH + Entrepreneurship bootcamp,2,73f333d7-5819-ed11-b847-00155d140b05_9eeab80faa5d40f1a129a13709564577.pdf
Architectural Engineering,School of Built Environment Engineering,Technician,,current,School Requirements,50400253,Site Supervision & Operations,,,50400251,3,73f333d7-5819-ed11-b847-00155d140b05_e1bd4d57884d49239f08692eed714902.pdf
Architectural Engineering,School of Built Environment Engineering,Technician,,current,School Requirements,50400480,Work Integrated Learning,,,Successfully completed 60 CH,3,73f333d7-5819-ed11-b847-00155d140b05_e1bd4d57884d49239f08692eed714902.pdf
Architectural Engineering,School of Built Environment Engineering,Technician,,current,School Requirements,50401111,Construction Information and Technical Drafting,,,,2,73f333d7-5819-ed11-b847-00155d140b05_e1bd4d57884d49239f08692eed714902.pdf
Architectural Engineering,School of Built Environment Engineering,Technician,,current,School Requirements,50401112,Architectural Communication Techniques,,,-,2,73f333d7-5819-ed11-b847-00155d140b05_e1bd4d57884d49239f08692eed714902.pdf
Architectural Engineering,School of Built Environment Engineering,Technician,,current,School Requirements,50401113,Computer Visualizations,,,50401111,2,73f333d7-5819-ed11-b847-00155d140b05_e1bd4d57884d49239f08692eed714902.pdf
Architectural Engineering,School of Built Environment Engineering,Technician,,current,School Requirements,50401131,Understanding Architecture I,,,-,2,73f333d7-5819-ed11-b847-00155d140b05_e1bd4d57884d49239f08692eed714902.pdf
Architectural Engineering,School of Built Environment Engineering,Technician,,current,School Requirements,50401171,Creative Design Studio,,,-,2,73f333d7-5819-ed11-b847-00155d140b05_e1bd4d57884d49239f08692eed714902.pdf
Architectural Engineering,School of Built Environment Engineering,Technician,,current,School Requirements,50401211,Digital Fabrication Workshop,,,,2,73f333d7-5819-ed11-b847-00155d140b05_e1bd4d57884d49239f08692eed714902.pdf
Architectural Engineering,School of Built Environment Engineering,Technician,,current,School Requirements,50401212,Scripting for Construction,,,,2,73f333d7-5819-ed11-b847-00155d140b05_e1bd4d57884d49239f08692eed714902.pdf
Architectural Engineering,School of Built Environment Engineering,Technician,,current,School Requirements,50401232,Principles of Refurbishment,,,50401131,3,73f333d7-5819-ed11-b847-00155d140b05_e1bd4d57884d49239f08692eed714902.pdf
Architectural Engineering,School of Built Environment Engineering,Technician,,current,School Requirements,50401271,Design Studio: Experimental Design,,,50401171,2,73f333d7-5819-ed11-b847-00155d140b05_e1bd4d57884d49239f08692eed714902.pdf
Architectural Engineering,School of Built Environment Engineering,Technician,,current,School Requirements,50401272,Design Studio: Modular Buildings,,,50401171,2,73f333d7-5819-ed11-b847-00155d140b05_e1bd4d57884d49239f08692eed714902.pdf
Architectural Engineering,School of Built Environment Engineering,Technician,,current,School Requirements,50401273,Design Studio: Culture and Identity,,,50401172,2,73f333d7-5819-ed11-b847-00155d140b05_e1bd4d57884d49239f08692eed714902.pdf
Architectural Engineering,School of Built Environment Engineering,Technician,,current,School Requirements,50401274,Design Studio: Retrofitting and Adaptive Re-use,,,50401172,2,73f333d7-5819-ed11-b847-00155d140b05_e1bd4d57884d49239f08692eed714902.pdf
Architectural Engineering,School of Built Environment Engineering,Technician,,current,School Requirements,50402202,Mathematics for Construction,,,Functional Math,3,73f333d7-5819-ed11-b847-00155d140b05_e1bd4d57884d49239f08692eed714902.pdf
Architectural Engineering,School of Built Environment Engineering,Technician,,current,School Requirements,50402203,Science and Materials,,,Functional Physics,3,73f333d7-5819-ed11-b847-00155d140b05_e1bd4d57884d49239f08692eed714902.pdf
Architectural Engineering,School of Built Environment Engineering,Technician,,current,School Requirements,50402221,Principles of Off-site Construction,,,50402121,3,73f333d7-5819-ed11-b847-00155d140b05_e1bd4d57884d49239f08692eed714902.pdf
Architectural Engineering,School of Built Environment Engineering,Technician,,current,School Requirements,50402343,Civil Engineering Technology,,,50401221,3,73f333d7-5819-ed11-b847-00155d140b05_e1bd4d57884d49239f08692eed714902.pdf
Architectural Engineering,School of Built Environment Engineering,Technician,,current,University Requirements,10301121,English Pre-Intermediate Intensive + Lab,,,10301120,1,73f333d7-5819-ed11-b847-00155d140b05_e1bd4d57884d49239f08692eed714902.pdf
Architectural Engineering,School of Built Environment Engineering,Technician,,current,University Requirements,10301123,English Intermediate,,,10301121,1,73f333d7-5819-ed11-b847-00155d140b05_e1bd4d57884d49239f08692eed714902.pdf
Architectural Engineering,School of Built Environment Engineering,Technician,,current,University Requirements,10301124,English Upper-Intermediate,,,10301122 or 10301123,1,73f333d7-5819-ed11-b847-00155d140b05_e1bd4d57884d49239f08692eed714902.pdf
Architectural Engineering,School of Built Environment Engineering,Technician,,current,University Requirements,40302111,Professional Skills,,,,1,73f333d7-5819-ed11-b847-00155d140b05_e1bd4d57884d49239f08692eed714902.pdf
Computer Science,School of Computing and Informatics,BSc,Current uploaded version,current,Department Requirements,0010203180,Networking,,3,Fundamentals of Computing (0040303130),2,73f333d7-5819-ed11-b847-00155d140b05_1c0069b53f02468782eb8d730f63e467.pdf
Computer Science,School of Computing and Informatics,BSc,Current uploaded version,current,Department Requirements,0010203280,Security,,3,Networking (0010203180),2,73f333d7-5819-ed11-b847-00155d140b05_1c0069b53f02468782eb8d730f63e467.pdf
Computer Science,School of Computing and Informatics,BSc,Current uploaded version,current,Department Requirements,0010203380,Computer Organization and Design,,3,Programming (0040201100) Corequisite Discrete Maths (0040303221),2,73f333d7-5819-ed11-b847-00155d140b05_1c0069b53f02468782eb8d730f63e467.pdf
Computer Science,School of Computing and Informatics,BSc,Current uploaded version,current,Department Requirements,0010204210,Data Analytics,,3,Maths for Computing (0040303121),3,73f333d7-5819-ed11-b847-00155d140b05_1c0069b53f02468782eb8d730f63e467.pdf
Computer Science,School of Computing and Informatics,BSc,Current uploaded version,current,Department Requirements,0010204250,Artificial Intelligence & Intelligent Systems,,3,Maths for Computing (0040303121),3,73f333d7-5819-ed11-b847-00155d140b05_1c0069b53f02468782eb8d730f63e467.pdf
Computer Science,School of Computing and Informatics,BSc,Current uploaded version,current,Department Requirements,0010204282,Database Design & Development,,3,Programming (0040201100),2,73f333d7-5819-ed11-b847-00155d140b05_1c0069b53f02468782eb8d730f63e467.pdf
Computer Science,School of Computing and Informatics,BSc,Current uploaded version,current,Department Requirements,0010204312,Business Intelligence,,3,Database Design & Development (0010204282),2,73f333d7-5819-ed11-b847-00155d140b05_1c0069b53f02468782eb8d730f63e467.pdf
Computer Science,School of Computing and Informatics,BSc,Current uploaded version,current,Department Requirements,0040201200,Advanced Programming,,3,Programming (0040201100),2,73f333d7-5819-ed11-b847-00155d140b05_1c0069b53f02468782eb8d730f63e467.pdf
Computer Science,School of Computing and Informatics,BSc,Current uploaded version,current,Department Requirements,0040201201,Data Structures & Algorithms,,3,Programming (0040201100),2,73f333d7-5819-ed11-b847-00155d140b05_1c0069b53f02468782eb8d730f63e467.pdf
Computer Science,School of Computing and Informatics,BSc,Current uploaded version,current,Department Requirements,0040201220,Software Development Lifecycle,,3,Programming (0040201100),2,73f333d7-5819-ed11-b847-00155d140b05_1c0069b53f02468782eb8d730f63e467.pdf
Computer Science,School of Computing and Informatics,BSc,Current uploaded version,current,Department Requirements,0040201260,Website Design & Development,,3,Programming (0040201100),2,73f333d7-5819-ed11-b847-00155d140b05_1c0069b53f02468782eb8d730f63e467.pdf
Computer Science,School of Computing and Informatics,BSc,Current uploaded version,current,Department Requirements,0040201261,Prototyping,,3,Software Development Lifecycle (0040201220),2,73f333d7-5819-ed11-b847-00155d140b05_1c0069b53f02468782eb8d730f63e467.pdf
Computer Science,School of Computing and Informatics,BSc,Current uploaded version,current,Department Requirements,0040201320,ERP Systems,,3,Application Development (0040201360),2,73f333d7-5819-ed11-b847-00155d140b05_1c0069b53f02468782eb8d730f63e467.pdf
Computer Science,School of Computing and Informatics,BSc,Current uploaded version,current,Department Requirements,0040201321,System Analysis and Design,,3,Software Development Lifecycle (0040201220),2,73f333d7-5819-ed11-b847-00155d140b05_1c0069b53f02468782eb8d730f63e467.pdf
Computer Science,School of Computing and Informatics,BSc,Current uploaded version,current,Department Requirements,0040201341,Operating Systems,,3,Data Structures & Algorithms (0040201201),2,73f333d7-5819-ed11-b847-00155d140b05_1c0069b53f02468782eb8d730f63e467.pdf
Computer Science,School of Computing and Informatics,BSc,Current uploaded version,current,Department Requirements,0040201360,Application Development,,3,prototyping (0040201261),2,73f333d7-5819-ed11-b847-00155d140b05_1c0069b53f02468782eb8d730f63e467.pdf
Computer Science,School of Computing and Informatics,BSc,Current uploaded version,current,Department Requirements,0040201362,Games Engine Scripting,,3,Programming (0040201100),2,73f333d7-5819-ed11-b847-00155d140b05_1c0069b53f02468782eb8d730f63e467.pdf
Computer Science,School of Computing and Informatics,BSc,Current uploaded version,current,Department Requirements,0040201390,HNC Training,,12,Minimum number of completed hours >= 85,2,73f333d7-5819-ed11-b847-00155d140b05_1c0069b53f02468782eb8d730f63e467.pdf
Computer Science,School of Computing and Informatics,BSc,Current uploaded version,current,Department Requirements,0040201391,Computing Research Project,,6,Planning a Computing Project (0040201290),2,73f333d7-5819-ed11-b847-00155d140b05_1c0069b53f02468782eb8d730f63e467.pdf
Computer Science,School of Computing and Informatics,BSc,Current uploaded version,current,Department Requirements,0040201430,Database Programing,,3,Database Design & Development (0010204282) + Data Structures & Algorithms (0040201201),2,73f333d7-5819-ed11-b847-00155d140b05_1c0069b53f02468782eb8d730f63e467.pdf
Computer Science,School of Computing and Informatics,BSc,Current uploaded version,current,Department Requirements,0040201440,Systems Programing,,3,Operating Systems (0040201341),2,73f333d7-5819-ed11-b847-00155d140b05_1c0069b53f02468782eb8d730f63e467.pdf
Computer Science,School of Computing and Informatics,BSc,Current uploaded version,current,Department Requirements,0040201441,Internet of Things,,3,Networking (0010203180) Operating System (0040201341),3,73f333d7-5819-ed11-b847-00155d140b05_1c0069b53f02468782eb8d730f63e467.pdf
Computer Science,School of Computing and Informatics,BSc,Current uploaded version,current,Department Requirements,0040201442,Real Time System,,3,Operating System (0040201341),3,73f333d7-5819-ed11-b847-00155d140b05_1c0069b53f02468782eb8d730f63e467.pdf
Computer Science,School of Computing and Informatics,BSc,Current uploaded version,current,Department Requirements,0040201450,Cloud Computing,,3,Networking (0010203180) Operating System (0040201341),3,73f333d7-5819-ed11-b847-00155d140b05_1c0069b53f02468782eb8d730f63e467.pdf
Computer Science,School of Computing and Informatics,BSc,Current uploaded version,current,Department Requirements,0040201460,E-Commerce,,3,Website Design & Development (0040201260),3,73f333d7-5819-ed11-b847-00155d140b05_1c0069b53f02468782eb8d730f63e467.pdf
Computer Science,School of Computing and Informatics,BSc,Current uploaded version,current,Department Requirements,0040201461,Mobile Application Development,,3,Application Development (0040201360),3,73f333d7-5819-ed11-b847-00155d140b05_1c0069b53f02468782eb8d730f63e467.pdf
Computer Science,School of Computing and Informatics,BSc,Current uploaded version,current,Department Requirements,0040201462,Virtual and Augmented Reality Development,,3,Games Engine Scripting (0040201362),3,73f333d7-5819-ed11-b847-00155d140b05_1c0069b53f02468782eb8d730f63e467.pdf
Computer Science,School of Computing and Informatics,BSc,Current uploaded version,current,Department Requirements,0040201470,Special Topics,,3,Department Approval,3,73f333d7-5819-ed11-b847-00155d140b05_1c0069b53f02468782eb8d730f63e467.pdf
Computer Science,School of Computing and Informatics,BSc,Current uploaded version,current,Department Requirements,0040201490,HND Training,,6,Pre or corequisite HNC Training (0040201390),2,73f333d7-5819-ed11-b847-00155d140b05_1c0069b53f02468782eb8d730f63e467.pdf
Computer Science,School of Computing and Informatics,BSc,Current uploaded version,current,Department Requirements,0040201491,Capstone project I,,1,>=90 hrs including core courses,2,73f333d7-5819-ed11-b847-00155d140b05_1c0069b53f02468782eb8d730f63e467.pdf
Computer Science,School of Computing and Informatics,BSc,Current uploaded version,current,Department Requirements,0040201492,Capstone project II,,2,Capstone project I (0040201491),2,73f333d7-5819-ed11-b847-00155d140b05_1c0069b53f02468782eb8d730f63e467.pdf
Computer Science,School of Computing and Informatics,BSc,Current uploaded version,current,University Requirements,0030301111,Arabic Language & Communication Skills,,1,,1,73f333d7-5819-ed11-b847-00155d140b05_1c0069b53f02468782eb8d730f63e467.pdf
Computer Science,School of Computing and Informatics,BSc,Current uploaded version,current,University Requirements,0030301121,English Pre-Intermediate Intensive + Lab,,4,,1,73f333d7-5819-ed11-b847-00155d140b05_1c0069b53f02468782eb8d730f63e467.pdf
Computer Science,School of Computing and Informatics,BSc,Current uploaded version,current,University Requirements,0030301122,English Intermediate,,3,English Pre-Intermediate Intensive + Lab (0030301121),1,73f333d7-5819-ed11-b847-00155d140b05_1c0069b53f02468782eb8d730f63e467.pdf
Computer Science,School of Computing and Informatics,BSc,Current uploaded version,current,University Requirements,0030301123,English Upper - Intermediate,,3,English Intermediate (0030301122),1,73f333d7-5819-ed11-b847-00155d140b05_1c0069b53f02468782eb8d730f63e467.pdf
Computer Science,School of Computing and Informatics,BSc,Current uploaded version,current,University Requirements,0030301124,English Advanced,,3,English Upper – Intermediate (0030301123),1,73f333d7-5819-ed11-b847-00155d140b05_1c0069b53f02468782eb8d730f63e467.pdf
Computer Science,School of Computing and Informatics,BSc,Current uploaded version,current,University Requirements,0030302231,Entrepreneurship Bootcamp,,4,English Upper – Intermediate (0030301123),1,73f333d7-5819-ed11-b847-00155d140b05_1c0069b53f02468782eb8d730f63e467.pdf
Computer Science,School of Computing and Informatics,BSc,Current uploaded version,current,University Requirements,0030302232,Leadership Camp,,1,Entrepreneurship Bootcamp (0030302231),1,73f333d7-5819-ed11-b847-00155d140b05_1c0069b53f02468782eb8d730f63e467.pdf
Computer Science,School of Computing and Informatics,BSc,Current uploaded version,current,University Requirements,0030303111,Functional Math,,3,,1,73f333d7-5819-ed11-b847-00155d140b05_1c0069b53f02468782eb8d730f63e467.pdf
Computer Science,School of Computing and Informatics,BSc,Current uploaded version,current,University Requirements,0030303121,STEM Lab I,,1,,1,73f333d7-5819-ed11-b847-00155d140b05_1c0069b53f02468782eb8d730f63e467.pdf
Computer Science,School of Computing and Informatics,BSc,Current uploaded version,current,University Requirements,0040201100,Programming,,3,Fundamentals of Computing (0040303130),1,73f333d7-5819-ed11-b847-00155d140b05_1c0069b53f02468782eb8d730f63e467.pdf
Computer Science,School of Computing and Informatics,BSc,Current uploaded version,current,University Requirements,0040201290,Planning a Computing Project,,4,Professional Practice (0040302211),1,73f333d7-5819-ed11-b847-00155d140b05_1c0069b53f02468782eb8d730f63e467.pdf
Computer Science,School of Computing and Informatics,BSc,Current uploaded version,current,University Requirements,0040302111,Professional Skills,,1,,1,73f333d7-5819-ed11-b847-00155d140b05_1c0069b53f02468782eb8d730f63e467.pdf
Computer Science,School of Computing and Informatics,BSc,Current uploaded version,current,University Requirements,0040302211,Professional Practice,,3,Professional Skills (0040302111),1,73f333d7-5819-ed11-b847-00155d140b05_1c0069b53f02468782eb8d730f63e467.pdf
Computer Science,School of Computing and Informatics,BSc,Current uploaded version,current,University Requirements,0040303121,Maths for Computing,,3,Functional Math (0030303111),1,73f333d7-5819-ed11-b847-00155d140b05_1c0069b53f02468782eb8d730f63e467.pdf
Computer Science,School of Computing and Informatics,BSc,Current uploaded version,current,University Requirements,0040303130,Fundamentals of Computing,,4,,1,73f333d7-5819-ed11-b847-00155d140b05_1c0069b53f02468782eb8d730f63e467.pdf
Computer Science,School of Computing and Informatics,BSc,Current uploaded version,current,University Requirements,0040303221,Discrete Maths,,3,Maths for computing (0040303121) Corequisite Data Structures & Algorithms (0040201201),1,73f333d7-5819-ed11-b847-00155d140b05_1c0069b53f02468782eb8d730f63e467.pdf
Computer Science,School of Computing and Informatics,Technical,Current uploaded version,current,Department Requirements,0000201391,Computing Research Project,HND,6,Planning a Computing Project (40201290),2,73f333d7-5819-ed11-b847-00155d140b05_fe5c3d8583084046b54b99784d0ed024.pdf
Computer Science,School of Computing and Informatics,Technical,Current uploaded version,current,Department Requirements,0000203280,Security,HNC,3,Fundamentals of Computing (0040303130),2,73f333d7-5819-ed11-b847-00155d140b05_fe5c3d8583084046b54b99784d0ed024.pdf
Computer Science,School of Computing and Informatics,Technical,Current uploaded version,current,Department Requirements,0010203180,Networking,HNC,3,Fundamentals of Computing (0040303130),2,73f333d7-5819-ed11-b847-00155d140b05_fe5c3d8583084046b54b99784d0ed024.pdf
Computer Science,School of Computing and Informatics,Technical,Current uploaded version,current,Department Requirements,0010203380,Computer Organization and Design,HTU,3,Programming (0040201100) + Corequisite Discrete Maths (0040303221),2,73f333d7-5819-ed11-b847-00155d140b05_fe5c3d8583084046b54b99784d0ed024.pdf
Computer Science,School of Computing and Informatics,Technical,Current uploaded version,current,Department Requirements,0010204282,Database Design & Development,HNC,3,Programming (0040201100),2,73f333d7-5819-ed11-b847-00155d140b05_fe5c3d8583084046b54b99784d0ed024.pdf
Computer Science,School of Computing and Informatics,Technical,Current uploaded version,current,Department Requirements,0010204312,Business Intelligence,HND,3,Database Design & Development (0010204282),2,73f333d7-5819-ed11-b847-00155d140b05_fe5c3d8583084046b54b99784d0ed024.pdf
Computer Science,School of Computing and Informatics,Technical,Current uploaded version,current,Department Requirements,0040201200,Advanced Programming,HND,3,Programming (0040201100),2,73f333d7-5819-ed11-b847-00155d140b05_fe5c3d8583084046b54b99784d0ed024.pdf
Computer Science,School of Computing and Informatics,Technical,Current uploaded version,current,Department Requirements,0040201201,Data Structures & Algorithms,HND,3,Programming (0040201100),2,73f333d7-5819-ed11-b847-00155d140b05_fe5c3d8583084046b54b99784d0ed024.pdf
Computer Science,School of Computing and Informatics,Technical,Current uploaded version,current,Department Requirements,0040201220,Software Development Lifecycles,HNC,3,Programming (0040201100),2,73f333d7-5819-ed11-b847-00155d140b05_fe5c3d8583084046b54b99784d0ed024.pdf
Computer Science,School of Computing and Informatics,Technical,Current uploaded version,current,Department Requirements,0040201260,Website Design & Development,HNC,3,Programming (0040201100),2,73f333d7-5819-ed11-b847-00155d140b05_fe5c3d8583084046b54b99784d0ed024.pdf
Computer Science,School of Computing and Informatics,Technical,Current uploaded version,current,Department Requirements,0040201261,Prototyping,HND,3,Software Development Lifecycles (0040201220),2,73f333d7-5819-ed11-b847-00155d140b05_fe5c3d8583084046b54b99784d0ed024.pdf
Computer Science,School of Computing and Informatics,Technical,Current uploaded version,current,Department Requirements,0040201321,Systems Analysis & Design,HND,3,Software Development Lifecycles (0040201220),2,73f333d7-5819-ed11-b847-00155d140b05_fe5c3d8583084046b54b99784d0ed024.pdf
Computer Science,School of Computing and Informatics,Technical,Current uploaded version,current,Department Requirements,0040201341,Operating Systems,HND,3,Data Structures & Algorithms (0040201201),2,73f333d7-5819-ed11-b847-00155d140b05_fe5c3d8583084046b54b99784d0ed024.pdf
Computer Science,School of Computing and Informatics,Technical,Current uploaded version,current,Department Requirements,0040201360,Application Development,HND,3,Prototyping (0040201261),2,73f333d7-5819-ed11-b847-00155d140b05_fe5c3d8583084046b54b99784d0ed024.pdf
Computer Science,School of Computing and Informatics,Technical,Current uploaded version,current,Department Requirements,0040201390,HNC Training,HTU,12,Minimum number of completed hours >= 85,2,73f333d7-5819-ed11-b847-00155d140b05_fe5c3d8583084046b54b99784d0ed024.pdf
Computer Science,School of Computing and Informatics,Technical,Current uploaded version,current,Department Requirements,0040201490,HND Training,HTU,6,Corequisite HNC Training (0040201390),2,73f333d7-5819-ed11-b847-00155d140b05_fe5c3d8583084046b54b99784d0ed024.pdf
Computer Science,School of Computing and Informatics,Technical,Current uploaded version,current,University Requirements,0030301111,Arabic Language & Communication Skills,HTU,1,Remedial Arabic Language (30301110),1,73f333d7-5819-ed11-b847-00155d140b05_fe5c3d8583084046b54b99784d0ed024.pdf
Computer Science,School of Computing and Informatics,Technical,Current uploaded version,current,University Requirements,0030301121,English Pre-Intermediate Intensive + Lab,HTU,4,Pre-Foundation English Elementary Intensive + Lab (0030301120),1,73f333d7-5819-ed11-b847-00155d140b05_fe5c3d8583084046b54b99784d0ed024.pdf
Computer Science,School of Computing and Informatics,Technical,Current uploaded version,current,University Requirements,0030301122,English Intermediate,HTU,3,English Pre-Intermediate Intensive + Lab (0030301121),1,73f333d7-5819-ed11-b847-00155d140b05_fe5c3d8583084046b54b99784d0ed024.pdf
Computer Science,School of Computing and Informatics,Technical,Current uploaded version,current,University Requirements,0030301123,English Upper - Intermediate,HTU,3,English Intermediate (0030301122),1,73f333d7-5819-ed11-b847-00155d140b05_fe5c3d8583084046b54b99784d0ed024.pdf
Computer Science,School of Computing and Informatics,Technical,Current uploaded version,current,University Requirements,0030302129,Military Science,HTU,1,,1,73f333d7-5819-ed11-b847-00155d140b05_fe5c3d8583084046b54b99784d0ed024.pdf
Computer Science,School of Computing and Informatics,Technical,Current uploaded version,current,University Requirements,0030303111,Functional Math,HTU,3,Remedial Math (0030303110),1,73f333d7-5819-ed11-b847-00155d140b05_fe5c3d8583084046b54b99784d0ed024.pdf
Computer Science,School of Computing and Informatics,Technical,Current uploaded version,current,University Requirements,0030303121,STEM Lab I,HTU,1,,1,73f333d7-5819-ed11-b847-00155d140b05_fe5c3d8583084046b54b99784d0ed024.pdf
Computer Science,School of Computing and Informatics,Technical,Current uploaded version,current,University Requirements,0040201100,Programming,HNC,3,Fundamentals of Computing (0040303130),1,73f333d7-5819-ed11-b847-00155d140b05_fe5c3d8583084046b54b99784d0ed024.pdf
Computer Science,School of Computing and Informatics,Technical,Current uploaded version,current,University Requirements,0040201290,Planning a Computing Project,HNC,4,Professional Practice (0040302211),1,73f333d7-5819-ed11-b847-00155d140b05_fe5c3d8583084046b54b99784d0ed024.pdf
Computer Science,School of Computing and Informatics,Technical,Current uploaded version,current,University Requirements,0040302111,Professional Skills,HTU,1,,1,73f333d7-5819-ed11-b847-00155d140b05_fe5c3d8583084046b54b99784d0ed024.pdf
Computer Science,School of Computing and Informatics,Technical,Current uploaded version,current,University Requirements,0040302211,Professional Practice,HNC,3,[Professional Skills (0040302111) or Soft Skills I (30302111)] and English Intermediate (0030301122),1,73f333d7-5819-ed11-b847-00155d140b05_fe5c3d8583084046b54b99784d0ed024.pdf
Computer Science,School of Computing and Informatics,Technical,Current uploaded version,current,University Requirements,0040302231,Entrepreneurship Bootcamp,HTU,4,English Upper – Intermediate (0030301123) + [Professional Practice (0040302211) or Soft Skills II (30302112)],1,73f333d7-5819-ed11-b847-00155d140b05_fe5c3d8583084046b54b99784d0ed024.pdf
Computer Science,School of Computing and Informatics,Technical,Current uploaded version,current,University Requirements,0040303121,Maths for Computing,HNC,3,Functional Math (0030303111),1,73f333d7-5819-ed11-b847-00155d140b05_fe5c3d8583084046b54b99784d0ed024.pdf
Computer Science,School of Computing and Informatics,Technical,Current uploaded version,current,University Requirements,0040303130,Fundamentals of Computing,HTU,4,,1,73f333d7-5819-ed11-b847-00155d140b05_fe5c3d8583084046b54b99784d0ed024.pdf
Computer Science,School of Computing and Informatics,Technical,Current uploaded version,current,University Requirements,0040303221,Discrete Maths,HND,3,Maths for computing (0040303121) + Corequisite Data Structures & Algorithms (0040201201),1,73f333d7-5819-ed11-b847-00155d140b05_fe5c3d8583084046b54b99784d0ed024.pdf
Cyber Security,School of Computing and Informatics,BSc,Alternative current version,archived,University Requirements,0030301111,Arabic Language & Communication Skills,,1,,1,73f333d7-5819-ed11-b847-00155d140b05_c0769b4e1af74102aa66d944444c4805.pdf
Cyber Security,School of Computing and Informatics,BSc,Alternative current version,archived,University Requirements,0030301121,English Pre-Intermediate Intensive + Lab,,4,,1,73f333d7-5819-ed11-b847-00155d140b05_c0769b4e1af74102aa66d944444c4805.pdf
Cyber Security,School of Computing and Informatics,BSc,Alternative current version,archived,University Requirements,0030301122,English Intermediate,,3,English Pre-Intermediate Intensive + Lab (0030301121),1,73f333d7-5819-ed11-b847-00155d140b05_c0769b4e1af74102aa66d944444c4805.pdf
Cyber Security,School of Computing and Informatics,BSc,Alternative current version,archived,University Requirements,0030301123,English Upper - Intermediate,,3,English Intermediate (0030301122),1,73f333d7-5819-ed11-b847-00155d140b05_c0769b4e1af74102aa66d944444c4805.pdf
Cyber Security,School of Computing and Informatics,BSc,Alternative current version,archived,University Requirements,0030301124,English Advanced,,3,English Upper – Intermediate (0030301123),1,73f333d7-5819-ed11-b847-00155d140b05_c0769b4e1af74102aa66d944444c4805.pdf
Cyber Security,School of Computing and Informatics,BSc,Alternative current version,archived,University Requirements,0030302231,Entrepreneurship Bootcamp,,4,English Upper – Intermediate (0030301123),1,73f333d7-5819-ed11-b847-00155d140b05_c0769b4e1af74102aa66d944444c4805.pdf
Cyber Security,School of Computing and Informatics,BSc,Alternative current version,archived,University Requirements,0030302232,Leadership Camp,,1,Entrepreneurship Bootcamp (0030302231),1,73f333d7-5819-ed11-b847-00155d140b05_c0769b4e1af74102aa66d944444c4805.pdf
Cyber Security,School of Computing and Informatics,BSc,Alternative current version,archived,University Requirements,0030303111,Functional Math,,3,,1,73f333d7-5819-ed11-b847-00155d140b05_c0769b4e1af74102aa66d944444c4805.pdf
Cyber Security,School of Computing and Informatics,BSc,Alternative current version,archived,University Requirements,0030303121,STEM Lab I,,1,,1,73f333d7-5819-ed11-b847-00155d140b05_c0769b4e1af74102aa66d944444c4805.pdf
Cyber Security,School of Computing and Informatics,BSc,Alternative current version,archived,University Requirements,0040201100,Programming,,3,Fundamentals of Computing (0040303130),1,73f333d7-5819-ed11-b847-00155d140b05_c0769b4e1af74102aa66d944444c4805.pdf
Cyber Security,School of Computing and Informatics,BSc,Alternative current version,archived,University Requirements,0040201290,Planning a Computing Project,,4,Professional Practice (0040302211),1,73f333d7-5819-ed11-b847-00155d140b05_c0769b4e1af74102aa66d944444c4805.pdf
Cyber Security,School of Computing and Informatics,BSc,Alternative current version,archived,University Requirements,0040302111,Professional Skills,,1,,1,73f333d7-5819-ed11-b847-00155d140b05_c0769b4e1af74102aa66d944444c4805.pdf
Cyber Security,School of Computing and Informatics,BSc,Alternative current version,archived,University Requirements,0040302211,Professional Practice,,3,Professional Skills (0040302111),1,73f333d7-5819-ed11-b847-00155d140b05_c0769b4e1af74102aa66d944444c4805.pdf
Cyber Security,School of Computing and Informatics,BSc,Alternative current version,archived,University Requirements,0040303121,Maths for Computing,,3,Functional Math (0030303111),1,73f333d7-5819-ed11-b847-00155d140b05_c0769b4e1af74102aa66d944444c4805.pdf
Cyber Security,School of Computing and Informatics,BSc,Alternative current version,archived,University Requirements,0040303130,Fundamentals of Computing,,4,,1,73f333d7-5819-ed11-b847-00155d140b05_c0769b4e1af74102aa66d944444c4805.pdf
Cyber Security,School of Computing and Informatics,BSc,Alternative current version,archived,University Requirements,0040303221,Discrete Maths,,3,Maths for computing (0040303121) Corequisite Data Structures & Algorithms (0040201201),1,73f333d7-5819-ed11-b847-00155d140b05_c0769b4e1af74102aa66d944444c4805.pdf
Cyber Security,School of Computing and Informatics,BSc,Current uploaded version,current,Department Requirements,0000201391,Computing Research Project,HND,6,Planning a Computing Project (0040201290),2,73f333d7-5819-ed11-b847-00155d140b05_dc244d83a4674f8e960344332e7374d7.pdf
Cyber Security,School of Computing and Informatics,BSc,Current uploaded version,current,Department Requirements,0000203280,Security,HNC,3,Fundamentals of Computing (0040303130),2,73f333d7-5819-ed11-b847-00155d140b05_dc244d83a4674f8e960344332e7374d7.pdf
Cyber Security,School of Computing and Informatics,BSc,Current uploaded version,current,Department Requirements,0000203360,Penetration Testing,HTU,3,Network Security (0010203210),2,73f333d7-5819-ed11-b847-00155d140b05_dc244d83a4674f8e960344332e7374d7.pdf
Cyber Security,School of Computing and Informatics,BSc,Current uploaded version,current,Department Requirements,0000203400,Risk Analysis & Systems Testing,HTU,3,Security (0000203280),2,73f333d7-5819-ed11-b847-00155d140b05_dc244d83a4674f8e960344332e7374d7.pdf
Cyber Security,School of Computing and Informatics,BSc,Current uploaded version,current,Department Requirements,0000203420,Secure Coding,HTU,3,Database Design & Development (0010204282),2,73f333d7-5819-ed11-b847-00155d140b05_dc244d83a4674f8e960344332e7374d7.pdf
Cyber Security,School of Computing and Informatics,BSc,Current uploaded version,current,Department Requirements,0000204414,Data Analytics for IT Professionals,HTU,3,Business Intelligence (0010204312),3,73f333d7-5819-ed11-b847-00155d140b05_dc244d83a4674f8e960344332e7374d7.pdf
Cyber Security,School of Computing and Informatics,BSc,Current uploaded version,current,Department Requirements,0000204456,Artificial Intelligencefor IT Professionals,HTU,3,Business Intelligence (0010204312),3,73f333d7-5819-ed11-b847-00155d140b05_dc244d83a4674f8e960344332e7374d7.pdf
Cyber Security,School of Computing and Informatics,BSc,Current uploaded version,current,Department Requirements,0010203180,Networking,HNC,3,Fundamentals of Computing (0040303130),2,73f333d7-5819-ed11-b847-00155d140b05_dc244d83a4674f8e960344332e7374d7.pdf
Cyber Security,School of Computing and Informatics,BSc,Current uploaded version,current,Department Requirements,0010203210,Network Security,HND,3,Security (0000203280),2,73f333d7-5819-ed11-b847-00155d140b05_dc244d83a4674f8e960344332e7374d7.pdf
Cyber Security,School of Computing and Informatics,BSc,Current uploaded version,current,Department Requirements,0010203300,Information Security Management,HTU,3,Network Security (0010203210),2,73f333d7-5819-ed11-b847-00155d140b05_dc244d83a4674f8e960344332e7374d7.pdf
Cyber Security,School of Computing and Informatics,BSc,Current uploaded version,current,Department Requirements,0010203340,Cryptography,HTU,3,Discrete Maths (0040303221),2,73f333d7-5819-ed11-b847-00155d140b05_dc244d83a4674f8e960344332e7374d7.pdf
Cyber Security,School of Computing and Informatics,BSc,Current uploaded version,current,Department Requirements,0010203361,Forensics,HND,3,Computer Organization and Design (0010203380) Security (0000203280),2,73f333d7-5819-ed11-b847-00155d140b05_dc244d83a4674f8e960344332e7374d7.pdf
Cyber Security,School of Computing and Informatics,BSc,Current uploaded version,current,Department Requirements,0010203362,Ethical Hacking,HTU,3,Penetration Testing (0000203360),2,73f333d7-5819-ed11-b847-00155d140b05_dc244d83a4674f8e960344332e7374d7.pdf
Cyber Security,School of Computing and Informatics,BSc,Current uploaded version,current,Department Requirements,0010203380,Computer Organization and Design,HTU,3,Programming (0040201100) Corequisite Discrete Maths (0040303221),2,73f333d7-5819-ed11-b847-00155d140b05_dc244d83a4674f8e960344332e7374d7.pdf
Cyber Security,School of Computing and Informatics,BSc,Current uploaded version,current,Department Requirements,0010203390,HNC Training,HTU,12,Minimum number of completed hours >= 85,2,73f333d7-5819-ed11-b847-00155d140b05_dc244d83a4674f8e960344332e7374d7.pdf
Cyber Security,School of Computing and Informatics,BSc,Current uploaded version,current,Department Requirements,0010203401,Incident response management,HTU,3,Secure System Design and Development (0010203420) Risk Analysis & Systems Testing (0000203400),3,73f333d7-5819-ed11-b847-00155d140b05_dc244d83a4674f8e960344332e7374d7.pdf
Cyber Security,School of Computing and Informatics,BSc,Current uploaded version,current,Department Requirements,0010203402,Ethical Issues in Cyber Security,HTU,3,Ethical Hacking (0010203362),3,73f333d7-5819-ed11-b847-00155d140b05_dc244d83a4674f8e960344332e7374d7.pdf
Cyber Security,School of Computing and Informatics,BSc,Current uploaded version,current,Department Requirements,0010203410,Mobile and Wireless Security,HTU,3,Network Security (0010203210),3,73f333d7-5819-ed11-b847-00155d140b05_dc244d83a4674f8e960344332e7374d7.pdf
Cyber Security,School of Computing and Informatics,BSc,Current uploaded version,current,Department Requirements,0010203411,Internet of Things Security,HTU,3,Network Security (0010203210),3,73f333d7-5819-ed11-b847-00155d140b05_dc244d83a4674f8e960344332e7374d7.pdf
Cyber Security,School of Computing and Informatics,BSc,Current uploaded version,current,Department Requirements,0010203421,Web Security,HTU,3,Network Security (0010203210) Website Design & Development (0040201260),3,73f333d7-5819-ed11-b847-00155d140b05_dc244d83a4674f8e960344332e7374d7.pdf
Cyber Security,School of Computing and Informatics,BSc,Current uploaded version,current,Department Requirements,0010203470,Special Topics,HTU,3,Department Approval,3,73f333d7-5819-ed11-b847-00155d140b05_dc244d83a4674f8e960344332e7374d7.pdf
Cyber Security,School of Computing and Informatics,BSc,Current uploaded version,current,Department Requirements,0010203490,HND Training,HTU,6,Pre or corequisite HNC Training (0010203390),2,73f333d7-5819-ed11-b847-00155d140b05_dc244d83a4674f8e960344332e7374d7.pdf
Cyber Security,School of Computing and Informatics,BSc,Current uploaded version,current,Department Requirements,0010203491,Capstone project I,HTU,1,>=90 hrs including core courses,2,73f333d7-5819-ed11-b847-00155d140b05_dc244d83a4674f8e960344332e7374d7.pdf
Cyber Security,School of Computing and Informatics,BSc,Current uploaded version,current,Department Requirements,0010203492,Capstone project II,HTU,2,Capstone project I (0010203491),2,73f333d7-5819-ed11-b847-00155d140b05_dc244d83a4674f8e960344332e7374d7.pdf
Cyber Security,School of Computing and Informatics,BSc,Current uploaded version,current,Department Requirements,0010204282,Database Design & Development,HNC,3,Programming (0040201100),2,73f333d7-5819-ed11-b847-00155d140b05_dc244d83a4674f8e960344332e7374d7.pdf
Cyber Security,School of Computing and Informatics,BSc,Current uploaded version,current,Department Requirements,0010204312,Business Intelligence,HND,3,Database Design & Development (0010204282),2,73f333d7-5819-ed11-b847-00155d140b05_dc244d83a4674f8e960344332e7374d7.pdf
Cyber Security,School of Computing and Informatics,BSc,Current uploaded version,current,Department Requirements,0040201201,Data Structures & Algorithms,HND,3,Programming (0040201100),2,73f333d7-5819-ed11-b847-00155d140b05_dc244d83a4674f8e960344332e7374d7.pdf
Cyber Security,School of Computing and Informatics,BSc,Current uploaded version,current,Department Requirements,0040201260,Website Design & Development,HNC,3,Programming (0040201100),2,73f333d7-5819-ed11-b847-00155d140b05_dc244d83a4674f8e960344332e7374d7.pdf
Cyber Security,School of Computing and Informatics,BSc,Current uploaded version,current,Department Requirements,0040201341,Operating Systems,HND,3,Data Structures & Algorithms (0040201201),2,73f333d7-5819-ed11-b847-00155d140b05_dc244d83a4674f8e960344332e7374d7.pdf
Cyber Security,School of Computing and Informatics,BSc,Current uploaded version,current,Department Requirements,0040201450,Cloud Computing,HTU,3,Networking (0010203180) Operating Systems (0040201341),3,73f333d7-5819-ed11-b847-00155d140b05_dc244d83a4674f8e960344332e7374d7.pdf
Cyber Security,School of Computing and Informatics,BSc,Current uploaded version,current,University Requirements,0030301111,Arabic Language & Communication Skills,HTU,1,Remedial Arabic Language (30301110),1,73f333d7-5819-ed11-b847-00155d140b05_dc244d83a4674f8e960344332e7374d7.pdf
Cyber Security,School of Computing and Informatics,BSc,Current uploaded version,current,University Requirements,0030301121,English Pre-Intermediate Intensive + Lab,HTU,4,Pre-Foundation English Elementary Intensive + Lab (0030301120),1,73f333d7-5819-ed11-b847-00155d140b05_dc244d83a4674f8e960344332e7374d7.pdf
Cyber Security,School of Computing and Informatics,BSc,Current uploaded version,current,University Requirements,0030301122,English Intermediate,HTU,3,English Pre-Intermediate Intensive + Lab (0030301121),1,73f333d7-5819-ed11-b847-00155d140b05_dc244d83a4674f8e960344332e7374d7.pdf
Cyber Security,School of Computing and Informatics,BSc,Current uploaded version,current,University Requirements,0030301123,English Upper - Intermediate,HTU,3,English Intermediate (0030301122),1,73f333d7-5819-ed11-b847-00155d140b05_dc244d83a4674f8e960344332e7374d7.pdf
Cyber Security,School of Computing and Informatics,BSc,Current uploaded version,current,University Requirements,0030301124,English Advanced,HTU,3,English Upper – Intermediate (0030301123),1,73f333d7-5819-ed11-b847-00155d140b05_dc244d83a4674f8e960344332e7374d7.pdf
Cyber Security,School of Computing and Informatics,BSc,Current uploaded version,current,University Requirements,0030302129,Military Science,HTU,1,,1,73f333d7-5819-ed11-b847-00155d140b05_dc244d83a4674f8e960344332e7374d7.pdf
Cyber Security,School of Computing and Informatics,BSc,Current uploaded version,current,University Requirements,0030302232,Leadership Camp,HTU,1,Entrepreneurship Bootcamp (0030302231) or Entrepreneurship Bootcamp (0040302231),1,73f333d7-5819-ed11-b847-00155d140b05_dc244d83a4674f8e960344332e7374d7.pdf
Cyber Security,School of Computing and Informatics,BSc,Current uploaded version,current,University Requirements,0030303111,Functional Math,HTU,3,Remedial Math (0030303110),1,73f333d7-5819-ed11-b847-00155d140b05_dc244d83a4674f8e960344332e7374d7.pdf
Cyber Security,School of Computing and Informatics,BSc,Current uploaded version,current,University Requirements,0040201100,Programming,HNC,3,Fundamentals of Computing (0040303130),1,73f333d7-5819-ed11-b847-00155d140b05_dc244d83a4674f8e960344332e7374d7.pdf
Cyber Security,School of Computing and Informatics,BSc,Current uploaded version,current,University Requirements,0040201290,Planning a Computing Project,HNC,4,Professional Practice (0040302211),1,73f333d7-5819-ed11-b847-00155d140b05_dc244d83a4674f8e960344332e7374d7.pdf
Cyber Security,School of Computing and Informatics,BSc,Current uploaded version,current,University Requirements,0040302111,Professional Skills,HTU,1,,1,73f333d7-5819-ed11-b847-00155d140b05_dc244d83a4674f8e960344332e7374d7.pdf
Cyber Security,School of Computing and Informatics,BSc,Current uploaded version,current,University Requirements,0040302211,Professional Practice,HNC,3,[Professional Skills (0040302111) or Soft Skills I (30302111)] and English Intermediate (0030301122),1,73f333d7-5819-ed11-b847-00155d140b05_dc244d83a4674f8e960344332e7374d7.pdf
Cyber Security,School of Computing and Informatics,BSc,Current uploaded version,current,University Requirements,0040302231,Entrepreneurship Bootcamp,HTU,4,English Upper – Intermediate (0030301123) + [Professional Practice (0040302211) or Soft Skills II (30302112)],1,73f333d7-5819-ed11-b847-00155d140b05_dc244d83a4674f8e960344332e7374d7.pdf
Cyber Security,School of Computing and Informatics,BSc,Current uploaded version,current,University Requirements,0040303121,Maths for Computing,HNC,3,Functional Math (0030303111),1,73f333d7-5819-ed11-b847-00155d140b05_dc244d83a4674f8e960344332e7374d7.pdf
Cyber Security,School of Computing and Informatics,BSc,Current uploaded version,current,University Requirements,0040303130,Fundamentals of Computing,HTU,4,,1,73f333d7-5819-ed11-b847-00155d140b05_dc244d83a4674f8e960344332e7374d7.pdf
Cyber Security,School of Computing and Informatics,BSc,Current uploaded version,current,University Requirements,0040303221,Discrete Maths,HND,3,Maths for computing (0040303121) Corequisite Data Structures & Algorithms (0040201201),1,73f333d7-5819-ed11-b847-00155d140b05_dc244d83a4674f8e960344332e7374d7.pdf
Cyber Security,School of Computing and Informatics,Technical,Current uploaded version,current,Department Requirements,0000201391,Computing Research Project,HND,6,Planning a Computing Project (0040201290),2,73f333d7-5819-ed11-b847-00155d140b05_15cd7ad37c9b480c8941328a146fec6e.pdf
Cyber Security,School of Computing and Informatics,Technical,Current uploaded version,current,Department Requirements,0000203280,S ecurity,HNC,3,Fundamentals of Computing (0040303130),2,73f333d7-5819-ed11-b847-00155d140b05_15cd7ad37c9b480c8941328a146fec6e.pdf
Cyber Security,School of Computing and Informatics,Technical,Current uploaded version,current,Department Requirements,0000203360,Penetration Testing,HTU,3,Network Security (0010203210),2,73f333d7-5819-ed11-b847-00155d140b05_15cd7ad37c9b480c8941328a146fec6e.pdf
Cyber Security,School of Computing and Informatics,Technical,Current uploaded version,current,Department Requirements,0010203180,Networking,HNC,3,Fundamentals of Computing (0040303130),2,73f333d7-5819-ed11-b847-00155d140b05_15cd7ad37c9b480c8941328a146fec6e.pdf
Cyber Security,School of Computing and Informatics,Technical,Current uploaded version,current,Department Requirements,0010203210,Network Security,HND,3,Security (0000203280),2,73f333d7-5819-ed11-b847-00155d140b05_15cd7ad37c9b480c8941328a146fec6e.pdf
Cyber Security,School of Computing and Informatics,Technical,Current uploaded version,current,Department Requirements,0010203361,Forensics,HND,3,Computer Organization and Design (0010203380) Security (000020328),2,73f333d7-5819-ed11-b847-00155d140b05_15cd7ad37c9b480c8941328a146fec6e.pdf
Cyber Security,School of Computing and Informatics,Technical,Current uploaded version,current,Department Requirements,0010203362,Ethical Hacking,HTU,3,Penetration Testing (0000203360),2,73f333d7-5819-ed11-b847-00155d140b05_15cd7ad37c9b480c8941328a146fec6e.pdf
Cyber Security,School of Computing and Informatics,Technical,Current uploaded version,current,Department Requirements,0010203380,Computer Organization and Design,HTU,3,Programming (0040201100) Corequisite Discrete Maths (0040303221),2,73f333d7-5819-ed11-b847-00155d140b05_15cd7ad37c9b480c8941328a146fec6e.pdf
Cyber Security,School of Computing and Informatics,Technical,Current uploaded version,current,Department Requirements,0010203390,HNC Training,HTU,12,Minimum number of completed hours >= 85,2,73f333d7-5819-ed11-b847-00155d140b05_15cd7ad37c9b480c8941328a146fec6e.pdf
Cyber Security,School of Computing and Informatics,Technical,Current uploaded version,current,Department Requirements,0010203490,HND Training,HTU,6,Pre or corequisite HNC Training (0010203390),2,73f333d7-5819-ed11-b847-00155d140b05_15cd7ad37c9b480c8941328a146fec6e.pdf
Cyber Security,School of Computing and Informatics,Technical,Current uploaded version,current,Department Requirements,0010204282,Database Design & Development,HNC,3,Programming (0040201100),2,73f333d7-5819-ed11-b847-00155d140b05_15cd7ad37c9b480c8941328a146fec6e.pdf
Cyber Security,School of Computing and Informatics,Technical,Current uploaded version,current,Department Requirements,0010204312,Business Intelligence,HND,3,Database Design & Development (0010204282),2,73f333d7-5819-ed11-b847-00155d140b05_15cd7ad37c9b480c8941328a146fec6e.pdf
Cyber Security,School of Computing and Informatics,Technical,Current uploaded version,current,Department Requirements,0040201201,Data Structures & Algorithms,HND,3,Programming (0040201100),2,73f333d7-5819-ed11-b847-00155d140b05_15cd7ad37c9b480c8941328a146fec6e.pdf
Cyber Security,School of Computing and Informatics,Technical,Current uploaded version,current,Department Requirements,0040201260,Website Design & Development,HNC,3,Programming (0040201100),2,73f333d7-5819-ed11-b847-00155d140b05_15cd7ad37c9b480c8941328a146fec6e.pdf
Cyber Security,School of Computing and Informatics,Technical,Current uploaded version,current,Department Requirements,0040201341,Operating Systems,HND,3,Data Structures & Algorithms (0040201201),2,73f333d7-5819-ed11-b847-00155d140b05_15cd7ad37c9b480c8941328a146fec6e.pdf
Cyber Security,School of Computing and Informatics,Technical,Current uploaded version,current,University Requirements,0030301111,Arabic Language & Communication Skills,HTU,1,Remedial Arabic Language (30301110),1,73f333d7-5819-ed11-b847-00155d140b05_15cd7ad37c9b480c8941328a146fec6e.pdf
Cyber Security,School of Computing and Informatics,Technical,Current uploaded version,current,University Requirements,0030301121,English Pre-Intermediate Intensive + Lab,HTU,4,Pre-Foundation English Elementary Intensive + Lab (0030301120),1,73f333d7-5819-ed11-b847-00155d140b05_15cd7ad37c9b480c8941328a146fec6e.pdf
Cyber Security,School of Computing and Informatics,Technical,Current uploaded version,current,University Requirements,0030301122,English Intermediate,HTU,3,English Pre-Intermediate Intensive + Lab (0030301121),1,73f333d7-5819-ed11-b847-00155d140b05_15cd7ad37c9b480c8941328a146fec6e.pdf
Cyber Security,School of Computing and Informatics,Technical,Current uploaded version,current,University Requirements,0030301123,English Upper - Intermediate,HTU,3,English Intermediate (0030301122),1,73f333d7-5819-ed11-b847-00155d140b05_15cd7ad37c9b480c8941328a146fec6e.pdf
Cyber Security,School of Computing and Informatics,Technical,Current uploaded version,current,University Requirements,0030302129,Military Science,HTU,1,,1,73f333d7-5819-ed11-b847-00155d140b05_15cd7ad37c9b480c8941328a146fec6e.pdf
Cyber Security,School of Computing and Informatics,Technical,Current uploaded version,current,University Requirements,0030303111,Functional Math,HTU,3,Remedial Math (0030303110),1,73f333d7-5819-ed11-b847-00155d140b05_15cd7ad37c9b480c8941328a146fec6e.pdf
Cyber Security,School of Computing and Informatics,Technical,Current uploaded version,current,University Requirements,0030303121,STEM Lab I,HTU,1,,1,73f333d7-5819-ed11-b847-00155d140b05_15cd7ad37c9b480c8941328a146fec6e.pdf
Cyber Security,School of Computing and Informatics,Technical,Current uploaded version,current,University Requirements,0040201100,Programming,HNC,3,Fundamentals of Computing (0040303130),1,73f333d7-5819-ed11-b847-00155d140b05_15cd7ad37c9b480c8941328a146fec6e.pdf
Cyber Security,School of Computing and Informatics,Technical,Current uploaded version,current,University Requirements,0040201290,Planning a Computing Project,HNC,4,Professional Practice (0040302211),1,73f333d7-5819-ed11-b847-00155d140b05_15cd7ad37c9b480c8941328a146fec6e.pdf
Cyber Security,School of Computing and Informatics,Technical,Current uploaded version,current,University Requirements,0040302111,Professional Skills,HTU,1,,1,73f333d7-5819-ed11-b847-00155d140b05_15cd7ad37c9b480c8941328a146fec6e.pdf
Cyber Security,School of Computing and Informatics,Technical,Current uploaded version,current,University Requirements,0040302211,Professional Practice,HNC,3,[Professional Skills (0040302111) or Soft Skills I (30302111)] and English Intermediate (0030301122),1,73f333d7-5819-ed11-b847-00155d140b05_15cd7ad37c9b480c8941328a146fec6e.pdf
Cyber Security,School of Computing and Informatics,Technical,Current uploaded version,current,University Requirements,0040302231,Entrepreneurship Bootcamp,HTU,4,English Upper – Intermediate (0030301123) + [Professional Practice (0040302211) or Soft Skills II (30302112)],1,73f333d7-5819-ed11-b847-00155d140b05_15cd7ad37c9b480c8941328a146fec6e.pdf
Cyber Security,School of Computing and Informatics,Technical,Current uploaded version,current,University Requirements,0040303121,Maths for Computing,HNC,3,Functional Math (0030303111),1,73f333d7-5819-ed11-b847-00155d140b05_15cd7ad37c9b480c8941328a146fec6e.pdf
Cyber Security,School of Computing and Informatics,Technical,Current uploaded version,current,University Requirements,0040303130,Fundamentals of Computing,HTU,4,,1,73f333d7-5819-ed11-b847-00155d140b05_15cd7ad37c9b480c8941328a146fec6e.pdf
Cyber Security,School of Computing and Informatics,Technical,Current uploaded version,current,University Requirements,0040303221,Discrete Maths,HND,3,Maths for computing (0040303121) Corequisite Data Structures & Algorithms (0040201201),1,73f333d7-5819-ed11-b847-00155d140b05_15cd7ad37c9b480c8941328a146fec6e.pdf
Data Science and Artificial Intelligence,School of Computing and Informatics,BSc,Older uploaded version,archived,University Requirements,0030301111,Arabic Language & Communication Skills,,1,,1,73f333d7-5819-ed11-b847-00155d140b05_53c8f675f3ca4629ba0f4a37a0dc5d38.pdf
Data Science and Artificial Intelligence,School of Computing and Informatics,BSc,Older uploaded version,archived,University Requirements,0030301121,English Pre-Intermediate Intensive + Lab,,4,,1,73f333d7-5819-ed11-b847-00155d140b05_53c8f675f3ca4629ba0f4a37a0dc5d38.pdf
Data Science and Artificial Intelligence,School of Computing and Informatics,BSc,Older uploaded version,archived,University Requirements,0030301122,English Intermediate,,3,English Pre-Intermediate Intensive + Lab (0030301121),1,73f333d7-5819-ed11-b847-00155d140b05_53c8f675f3ca4629ba0f4a37a0dc5d38.pdf
Data Science and Artificial Intelligence,School of Computing and Informatics,BSc,Older uploaded version,archived,University Requirements,0030301123,English Upper - Intermediate,,3,English Intermediate (0030301122),1,73f333d7-5819-ed11-b847-00155d140b05_53c8f675f3ca4629ba0f4a37a0dc5d38.pdf
Data Science and Artificial Intelligence,School of Computing and Informatics,BSc,Older uploaded version,archived,University Requirements,0030301124,English Advanced,,3,English Upper – Intermediate (0030301123),1,73f333d7-5819-ed11-b847-00155d140b05_53c8f675f3ca4629ba0f4a37a0dc5d38.pdf
Data Science and Artificial Intelligence,School of Computing and Informatics,BSc,Older uploaded version,archived,University Requirements,0030302231,Entrepreneurship Bootcamp,,4,English Upper – Intermediate (0030301123),1,73f333d7-5819-ed11-b847-00155d140b05_53c8f675f3ca4629ba0f4a37a0dc5d38.pdf
Data Science and Artificial Intelligence,School of Computing and Informatics,BSc,Older uploaded version,archived,University Requirements,0030302232,Leadership Camp,,1,Entrepreneurship Bootcamp (0030302231),1,73f333d7-5819-ed11-b847-00155d140b05_53c8f675f3ca4629ba0f4a37a0dc5d38.pdf
Data Science and Artificial Intelligence,School of Computing and Informatics,BSc,Older uploaded version,archived,University Requirements,0030303111,Functional Math,,3,,1,73f333d7-5819-ed11-b847-00155d140b05_53c8f675f3ca4629ba0f4a37a0dc5d38.pdf
Data Science and Artificial Intelligence,School of Computing and Informatics,BSc,Older uploaded version,archived,University Requirements,0030303121,STEM Lab I,,1,,1,73f333d7-5819-ed11-b847-00155d140b05_53c8f675f3ca4629ba0f4a37a0dc5d38.pdf
Data Science and Artificial Intelligence,School of Computing and Informatics,BSc,Older uploaded version,archived,University Requirements,0040201100,Programming,,3,Fundamentals of Computing (0040303130),1,73f333d7-5819-ed11-b847-00155d140b05_53c8f675f3ca4629ba0f4a37a0dc5d38.pdf
Data Science and Artificial Intelligence,School of Computing and Informatics,BSc,Older uploaded version,archived,University Requirements,0040201290,Planning a Computing Project,,4,Professional Practice (0040302211),1,73f333d7-5819-ed11-b847-00155d140b05_53c8f675f3ca4629ba0f4a37a0dc5d38.pdf
Data Science and Artificial Intelligence,School of Computing and Informatics,BSc,Older uploaded version,archived,University Requirements,0040302111,Professional Skills,,1,,1,73f333d7-5819-ed11-b847-00155d140b05_53c8f675f3ca4629ba0f4a37a0dc5d38.pdf
Data Science and Artificial Intelligence,School of Computing and Informatics,BSc,Older uploaded version,archived,University Requirements,0040302211,Professional Practice,,3,Professional Skills (0040302111),1,73f333d7-5819-ed11-b847-00155d140b05_53c8f675f3ca4629ba0f4a37a0dc5d38.pdf
Data Science and Artificial Intelligence,School of Computing and Informatics,BSc,Older uploaded version,archived,University Requirements,0040303121,Maths for Computing,,3,Functional Math (0030303111),1,73f333d7-5819-ed11-b847-00155d140b05_53c8f675f3ca4629ba0f4a37a0dc5d38.pdf
Data Science and Artificial Intelligence,School of Computing and Informatics,BSc,Older uploaded version,archived,University Requirements,0040303130,Fundamentals of Computing,,4,,1,73f333d7-5819-ed11-b847-00155d140b05_53c8f675f3ca4629ba0f4a37a0dc5d38.pdf
Data Science and Artificial Intelligence,School of Computing and Informatics,BSc,Older uploaded version,archived,University Requirements,0040303221,Discrete Maths,,3,Maths for computing (0040303121) Corequisite Data Structures & Algorithms (0040201201),1,73f333d7-5819-ed11-b847-00155d140b05_53c8f675f3ca4629ba0f4a37a0dc5d38.pdf
Data Science and Artificial Intelligence,School of Computing and Informatics,BSc,Current uploaded version,current,Department Requirements,0000201391,Computing Research Project,HND,6,Planning a Computing Project (0040201290),2,73f333d7-5819-ed11-b847-00155d140b05_21f85505140f47e7b9301487f2c56364.pdf
Data Science and Artificial Intelligence,School of Computing and Informatics,BSc,Current uploaded version,current,Department Requirements,0000203280,Security,HNC,3,Fundamentals of Computing (0040303130),2,73f333d7-5819-ed11-b847-00155d140b05_21f85505140f47e7b9301487f2c56364.pdf
Data Science and Artificial Intelligence,School of Computing and Informatics,BSc,Current uploaded version,current,Department Requirements,0000204280,Principles of Data Science and Computing Systems,HTU,3,Maths for Computing (0040303121),2,73f333d7-5819-ed11-b847-00155d140b05_21f85505140f47e7b9301487f2c56364.pdf
Data Science and Artificial Intelligence,School of Computing and Informatics,BSc,Current uploaded version,current,Department Requirements,0000204310,Advanced Programming for Data Analysis,HND,3,Data Analytics (0010204210),2,73f333d7-5819-ed11-b847-00155d140b05_21f85505140f47e7b9301487f2c56364.pdf
Data Science and Artificial Intelligence,School of Computing and Informatics,BSc,Current uploaded version,current,Department Requirements,0000204311,Big Data Analytics and Visualization,HND,3,Advanced Programming for Data Analysis (0000204310),2,73f333d7-5819-ed11-b847-00155d140b05_21f85505140f47e7b9301487f2c56364.pdf
Data Science and Artificial Intelligence,School of Computing and Informatics,BSc,Current uploaded version,current,Department Requirements,0000204410,Health informatics,HTU,3,Data Analytics (0010204210),3,73f333d7-5819-ed11-b847-00155d140b05_21f85505140f47e7b9301487f2c56364.pdf
Data Science and Artificial Intelligence,School of Computing and Informatics,BSc,Current uploaded version,current,Department Requirements,0000204411,Time series analysis,HTU,3,Data Analytics (0010204210),3,73f333d7-5819-ed11-b847-00155d140b05_21f85505140f47e7b9301487f2c56364.pdf
Data Science and Artificial Intelligence,School of Computing and Informatics,BSc,Current uploaded version,current,Department Requirements,0000204412,Applied Analytical Models,HTU,3,Discrete Maths (0040303221),3,73f333d7-5819-ed11-b847-00155d140b05_21f85505140f47e7b9301487f2c56364.pdf
Data Science and Artificial Intelligence,School of Computing and Informatics,BSc,Current uploaded version,current,Department Requirements,0000204413,Analytical Methods,HTU,3,Discrete Maths (0040303221),3,73f333d7-5819-ed11-b847-00155d140b05_21f85505140f47e7b9301487f2c56364.pdf
Data Science and Artificial Intelligence,School of Computing and Informatics,BSc,Current uploaded version,current,Department Requirements,0000204430,Data Mining,HTU,3,Data Analytics (0010204210),2,73f333d7-5819-ed11-b847-00155d140b05_21f85505140f47e7b9301487f2c56364.pdf
Data Science and Artificial Intelligence,School of Computing and Informatics,BSc,Current uploaded version,current,Department Requirements,0000204432,Bioinformatics,HTU,3,Machine Learning (10204350),3,73f333d7-5819-ed11-b847-00155d140b05_21f85505140f47e7b9301487f2c56364.pdf
Data Science and Artificial Intelligence,School of Computing and Informatics,BSc,Current uploaded version,current,Department Requirements,0000204433,Data engineering,HTU,3,Data Analytics (0010204210),3,73f333d7-5819-ed11-b847-00155d140b05_21f85505140f47e7b9301487f2c56364.pdf
Data Science and Artificial Intelligence,School of Computing and Informatics,BSc,Current uploaded version,current,Department Requirements,0010203180,Networking,HNC,3,Fundamentals of Computing (0040303130),2,73f333d7-5819-ed11-b847-00155d140b05_21f85505140f47e7b9301487f2c56364.pdf
Data Science and Artificial Intelligence,School of Computing and Informatics,BSc,Current uploaded version,current,Department Requirements,0010204210,Data Analytics,HNC,3,Maths for Computing (0040303121),2,73f333d7-5819-ed11-b847-00155d140b05_21f85505140f47e7b9301487f2c56364.pdf
Data Science and Artificial Intelligence,School of Computing and Informatics,BSc,Current uploaded version,current,Department Requirements,0010204250,Artificial Intelligence & Intelligent Systems,HNC,3,Maths for Computing (0040303121),2,73f333d7-5819-ed11-b847-00155d140b05_21f85505140f47e7b9301487f2c56364.pdf
Data Science and Artificial Intelligence,School of Computing and Informatics,BSc,Current uploaded version,current,Department Requirements,0010204281,Data Science Programming,HTU,3,Programming (0040201100),2,73f333d7-5819-ed11-b847-00155d140b05_21f85505140f47e7b9301487f2c56364.pdf
Data Science and Artificial Intelligence,School of Computing and Informatics,BSc,Current uploaded version,current,Department Requirements,0010204282,Database Design & Development,HNC,3,Programming (0040201100),2,73f333d7-5819-ed11-b847-00155d140b05_21f85505140f47e7b9301487f2c56364.pdf
Data Science and Artificial Intelligence,School of Computing and Informatics,BSc,Current uploaded version,current,Department Requirements,0010204312,Business Intelligence,HND,3,Database Design & Development (0010204282),2,73f333d7-5819-ed11-b847-00155d140b05_21f85505140f47e7b9301487f2c56364.pdf
Data Science and Artificial Intelligence,School of Computing and Informatics,BSc,Current uploaded version,current,Department Requirements,0010204330,Modeling and Simulation,HTU,3,Artificial Intelligence & Intelligent Systems (0010204250),2,73f333d7-5819-ed11-b847-00155d140b05_21f85505140f47e7b9301487f2c56364.pdf
Data Science and Artificial Intelligence,School of Computing and Informatics,BSc,Current uploaded version,current,Department Requirements,0010204350,Machine Learning,HND,3,Principles of Data Science (0000204280s) + Data Analytics (0010204210),2,73f333d7-5819-ed11-b847-00155d140b05_21f85505140f47e7b9301487f2c56364.pdf
Data Science and Artificial Intelligence,School of Computing and Informatics,BSc,Current uploaded version,current,Department Requirements,0010204351,Natural Language Processing,HTU,3,Artificial Intelligence & Intelligent Systems (0010204250),2,73f333d7-5819-ed11-b847-00155d140b05_21f85505140f47e7b9301487f2c56364.pdf
Data Science and Artificial Intelligence,School of Computing and Informatics,BSc,Current uploaded version,current,Department Requirements,0010204390,HNC Training,HTU,12,Minimum number of completed hours >=85,2,73f333d7-5819-ed11-b847-00155d140b05_21f85505140f47e7b9301487f2c56364.pdf
Data Science and Artificial Intelligence,School of Computing and Informatics,BSc,Current uploaded version,current,Department Requirements,0010204431,Information retrieval,HTU,3,Discrete Maths (0040303221),3,73f333d7-5819-ed11-b847-00155d140b05_21f85505140f47e7b9301487f2c56364.pdf
Data Science and Artificial Intelligence,School of Computing and Informatics,BSc,Current uploaded version,current,Department Requirements,0010204450,Deep Learning,HTU,3,Machine Learning (0010204350),2,73f333d7-5819-ed11-b847-00155d140b05_21f85505140f47e7b9301487f2c56364.pdf
Data Science and Artificial Intelligence,School of Computing and Informatics,BSc,Current uploaded version,current,Department Requirements,0010204451,Pattern Recognition,HTU,3,Artificial Intelligence & Intelligent Systems (0010204250),3,73f333d7-5819-ed11-b847-00155d140b05_21f85505140f47e7b9301487f2c56364.pdf
Data Science and Artificial Intelligence,School of Computing and Informatics,BSc,Current uploaded version,current,Department Requirements,0010204452,Computer Vision,HTU,3,Discrete Maths(0040303221),3,73f333d7-5819-ed11-b847-00155d140b05_21f85505140f47e7b9301487f2c56364.pdf
Data Science and Artificial Intelligence,School of Computing and Informatics,BSc,Current uploaded version,current,Department Requirements,0010204453,Robotics,HTU,3,Artificial Intelligence & Intelligent Systems (0010204250),3,73f333d7-5819-ed11-b847-00155d140b05_21f85505140f47e7b9301487f2c56364.pdf
Data Science and Artificial Intelligence,School of Computing and Informatics,BSc,Current uploaded version,current,Department Requirements,0010204454,Optimization theory,HTU,3,Data Structures & Algorithms (0040201201) Discrete Maths (0040303221),3,73f333d7-5819-ed11-b847-00155d140b05_21f85505140f47e7b9301487f2c56364.pdf
Data Science and Artificial Intelligence,School of Computing and Informatics,BSc,Current uploaded version,current,Department Requirements,0010204455,Machine Learning Operations,HTU,3,Machine Learning (0010204350),3,73f333d7-5819-ed11-b847-00155d140b05_21f85505140f47e7b9301487f2c56364.pdf
Data Science and Artificial Intelligence,School of Computing and Informatics,BSc,Current uploaded version,current,Department Requirements,0010204470,Special Topics,HTU,3,Department Approval,3,73f333d7-5819-ed11-b847-00155d140b05_21f85505140f47e7b9301487f2c56364.pdf
Data Science and Artificial Intelligence,School of Computing and Informatics,BSc,Current uploaded version,current,Department Requirements,0010204490,HND Training,HTU,6,Pre or corequisite HNC Training (0010204390),2,73f333d7-5819-ed11-b847-00155d140b05_21f85505140f47e7b9301487f2c56364.pdf
Data Science and Artificial Intelligence,School of Computing and Informatics,BSc,Current uploaded version,current,Department Requirements,0010204491,Capstone project I,HTU,1,>= 90 hrs including core courses,2,73f333d7-5819-ed11-b847-00155d140b05_21f85505140f47e7b9301487f2c56364.pdf
Data Science and Artificial Intelligence,School of Computing and Informatics,BSc,Current uploaded version,current,Department Requirements,0010204492,Capstone project II,HTU,2,Capstone project I (0010204491),2,73f333d7-5819-ed11-b847-00155d140b05_21f85505140f47e7b9301487f2c56364.pdf
Data Science and Artificial Intelligence,School of Computing and Informatics,BSc,Current uploaded version,current,Department Requirements,0040201201,Data Structures & Algorithms,HND,3,Programming (0040201100),2,73f333d7-5819-ed11-b847-00155d140b05_21f85505140f47e7b9301487f2c56364.pdf
Data Science and Artificial Intelligence,School of Computing and Informatics,BSc,Current uploaded version,current,Department Requirements,0040201341,Operating Systems,HND,3,Data Structures & Algorithms (0040201201),2,73f333d7-5819-ed11-b847-00155d140b05_21f85505140f47e7b9301487f2c56364.pdf
Data Science and Artificial Intelligence,School of Computing and Informatics,BSc,Current uploaded version,current,Department Requirements,0040201450,Cloud Computing,HTU,3,Networking (0010203180) Operating Systems (0040201341),3,73f333d7-5819-ed11-b847-00155d140b05_21f85505140f47e7b9301487f2c56364.pdf
Data Science and Artificial Intelligence,School of Computing and Informatics,BSc,Current uploaded version,current,University Requirements,0030301111,Arabic Language & Communication Skills,HTU,1,Remedial Arabic Language (30301110),1,73f333d7-5819-ed11-b847-00155d140b05_21f85505140f47e7b9301487f2c56364.pdf
Data Science and Artificial Intelligence,School of Computing and Informatics,BSc,Current uploaded version,current,University Requirements,0030301121,English Pre-Intermediate Intensive + Lab,HTU,4,Pre-Foundation English Elementary Intensive + Lab (0030301120),1,73f333d7-5819-ed11-b847-00155d140b05_21f85505140f47e7b9301487f2c56364.pdf
Data Science and Artificial Intelligence,School of Computing and Informatics,BSc,Current uploaded version,current,University Requirements,0030301122,English Intermediate,HTU,3,English Pre-Intermediate Intensive + Lab (0030301121),1,73f333d7-5819-ed11-b847-00155d140b05_21f85505140f47e7b9301487f2c56364.pdf
Data Science and Artificial Intelligence,School of Computing and Informatics,BSc,Current uploaded version,current,University Requirements,0030301123,English Upper - Intermediate,HTU,3,English Intermediate (0030301122),1,73f333d7-5819-ed11-b847-00155d140b05_21f85505140f47e7b9301487f2c56364.pdf
Data Science and Artificial Intelligence,School of Computing and Informatics,BSc,Current uploaded version,current,University Requirements,0030301124,English Advanced,HTU,3,English Upper – Intermediate (0030301123),1,73f333d7-5819-ed11-b847-00155d140b05_21f85505140f47e7b9301487f2c56364.pdf
Data Science and Artificial Intelligence,School of Computing and Informatics,BSc,Current uploaded version,current,University Requirements,0030302129,Military Science,HTU,1,,1,73f333d7-5819-ed11-b847-00155d140b05_21f85505140f47e7b9301487f2c56364.pdf
Data Science and Artificial Intelligence,School of Computing and Informatics,BSc,Current uploaded version,current,University Requirements,0030302232,Leadership Camp,HTU,1,Entrepreneurship Bootcamp (0030302231) or Entrepreneurship Bootcamp (0040302231),1,73f333d7-5819-ed11-b847-00155d140b05_21f85505140f47e7b9301487f2c56364.pdf
Data Science and Artificial Intelligence,School of Computing and Informatics,BSc,Current uploaded version,current,University Requirements,0030303111,Functional Math,HTU,3,Remedial Math (0030303110),1,73f333d7-5819-ed11-b847-00155d140b05_21f85505140f47e7b9301487f2c56364.pdf
Data Science and Artificial Intelligence,School of Computing and Informatics,BSc,Current uploaded version,current,University Requirements,0040201100,Programming,HNC,3,Fundamentals of Computing (0040303130),1,73f333d7-5819-ed11-b847-00155d140b05_21f85505140f47e7b9301487f2c56364.pdf
Data Science and Artificial Intelligence,School of Computing and Informatics,BSc,Current uploaded version,current,University Requirements,0040202190,Planning a Computing Project,HNC,4,Professional Practice (0040302211),1,73f333d7-5819-ed11-b847-00155d140b05_21f85505140f47e7b9301487f2c56364.pdf
Data Science and Artificial Intelligence,School of Computing and Informatics,BSc,Current uploaded version,current,University Requirements,0040302111,Professional Skills,HTU,1,,1,73f333d7-5819-ed11-b847-00155d140b05_21f85505140f47e7b9301487f2c56364.pdf
Data Science and Artificial Intelligence,School of Computing and Informatics,BSc,Current uploaded version,current,University Requirements,0040302211,Professional Practice,HNC,3,[Professional Skills (0040302111) or Soft Skills I (30302111)] and English Intermediate (0030301122),1,73f333d7-5819-ed11-b847-00155d140b05_21f85505140f47e7b9301487f2c56364.pdf
Data Science and Artificial Intelligence,School of Computing and Informatics,BSc,Current uploaded version,current,University Requirements,0040302231,Entrepreneurship Bootcamp,HTU,4,English Upper – Intermediate (0030301123) + [Professional Practice (0040302211) or Soft Skills II (30302112)],1,73f333d7-5819-ed11-b847-00155d140b05_21f85505140f47e7b9301487f2c56364.pdf
Data Science and Artificial Intelligence,School of Computing and Informatics,BSc,Current uploaded version,current,University Requirements,0040303121,Maths for Computing,HNC,3,Functional Math (0030303111),1,73f333d7-5819-ed11-b847-00155d140b05_21f85505140f47e7b9301487f2c56364.pdf
Data Science and Artificial Intelligence,School of Computing and Informatics,BSc,Current uploaded version,current,University Requirements,0040303130,Fundamentals of Computing,HTU,4,,1,73f333d7-5819-ed11-b847-00155d140b05_21f85505140f47e7b9301487f2c56364.pdf
Data Science and Artificial Intelligence,School of Computing and Informatics,BSc,Current uploaded version,current,University Requirements,0040303221,Discrete Maths,HND,3,Maths for computing (0040303121) Corequisite Data Structures & Algorithms (0040201201),1,73f333d7-5819-ed11-b847-00155d140b05_21f85505140f47e7b9301487f2c56364.pdf
Data Science and Artificial Intelligence,School of Computing and Informatics,Technical,Current uploaded version,current,Department Requirements,0000201391,Computing Research Project,HND,6,Planning a Computing Project (0040201290),2,73f333d7-5819-ed11-b847-00155d140b05_14e97f0f4b0d4574acc5891501674540.pdf
Data Science and Artificial Intelligence,School of Computing and Informatics,Technical,Current uploaded version,current,Department Requirements,0000203280,Security,HNC,3,Fundamentals of Computing (0040303130),2,73f333d7-5819-ed11-b847-00155d140b05_14e97f0f4b0d4574acc5891501674540.pdf
Data Science and Artificial Intelligence,School of Computing and Informatics,Technical,Current uploaded version,current,Department Requirements,0000204280,Principles of Data Science and Computing Systems,HTU,3,Maths for Computing (0040303121),2,73f333d7-5819-ed11-b847-00155d140b05_14e97f0f4b0d4574acc5891501674540.pdf
Data Science and Artificial Intelligence,School of Computing and Informatics,Technical,Current uploaded version,current,Department Requirements,0000204310,Advanced Programming for Data Analysis,HND,3,Data Analytics (0010204210),2,73f333d7-5819-ed11-b847-00155d140b05_14e97f0f4b0d4574acc5891501674540.pdf
Data Science and Artificial Intelligence,School of Computing and Informatics,Technical,Current uploaded version,current,Department Requirements,0000204311,Big Data Analytics and Visualization,HND,3,Advanced Programming for Data Analysis (0000204310),2,73f333d7-5819-ed11-b847-00155d140b05_14e97f0f4b0d4574acc5891501674540.pdf
Data Science and Artificial Intelligence,School of Computing and Informatics,Technical,Current uploaded version,current,Department Requirements,0010203180,Networking,HNC,3,Fundamentals of Computing (0040303130),2,73f333d7-5819-ed11-b847-00155d140b05_14e97f0f4b0d4574acc5891501674540.pdf
Data Science and Artificial Intelligence,School of Computing and Informatics,Technical,Current uploaded version,current,Department Requirements,0010204210,Data Analytics,HNC,3,Maths for Computing (0040303121),2,73f333d7-5819-ed11-b847-00155d140b05_14e97f0f4b0d4574acc5891501674540.pdf
Data Science and Artificial Intelligence,School of Computing and Informatics,Technical,Current uploaded version,current,Department Requirements,0010204250,Artificial Intelligence & Intelligent Systems,HNC,3,Maths for Computing (0040303121),2,73f333d7-5819-ed11-b847-00155d140b05_14e97f0f4b0d4574acc5891501674540.pdf
Data Science and Artificial Intelligence,School of Computing and Informatics,Technical,Current uploaded version,current,Department Requirements,0010204281,Data Science Programming,HTU,3,Programming (0040201100),2,73f333d7-5819-ed11-b847-00155d140b05_14e97f0f4b0d4574acc5891501674540.pdf
Data Science and Artificial Intelligence,School of Computing and Informatics,Technical,Current uploaded version,current,Department Requirements,0010204282,Database Design & Development,HNC,3,Programming (0040201100),2,73f333d7-5819-ed11-b847-00155d140b05_14e97f0f4b0d4574acc5891501674540.pdf
Data Science and Artificial Intelligence,School of Computing and Informatics,Technical,Current uploaded version,current,Department Requirements,0010204312,Business Intelligence,HND,3,Database Design & Development (0010204282),2,73f333d7-5819-ed11-b847-00155d140b05_14e97f0f4b0d4574acc5891501674540.pdf
Data Science and Artificial Intelligence,School of Computing and Informatics,Technical,Current uploaded version,current,Department Requirements,0010204350,Machine Learning,HND,3,Principles of Data Science (0000204280) + Data Analytics (0010204210),2,73f333d7-5819-ed11-b847-00155d140b05_14e97f0f4b0d4574acc5891501674540.pdf
Data Science and Artificial Intelligence,School of Computing and Informatics,Technical,Current uploaded version,current,Department Requirements,0010204390,HNC Training,HTU,12,Minimum number of completed hours >=85,2,73f333d7-5819-ed11-b847-00155d140b05_14e97f0f4b0d4574acc5891501674540.pdf
Data Science and Artificial Intelligence,School of Computing and Informatics,Technical,Current uploaded version,current,Department Requirements,0010204490,HND Training,HTU,6,Pre or corequisite HNC Training (0010204390),2,73f333d7-5819-ed11-b847-00155d140b05_14e97f0f4b0d4574acc5891501674540.pdf
Data Science and Artificial Intelligence,School of Computing and Informatics,Technical,Current uploaded version,current,Department Requirements,0040201201,Data Structures & Algorithms,HND,3,Programming (0040201100),2,73f333d7-5819-ed11-b847-00155d140b05_14e97f0f4b0d4574acc5891501674540.pdf
Data Science and Artificial Intelligence,School of Computing and Informatics,Technical,Current uploaded version,current,Department Requirements,0040201341,Operating Systems,HND,3,Data Structures & Algorithms (0040201201),2,73f333d7-5819-ed11-b847-00155d140b05_14e97f0f4b0d4574acc5891501674540.pdf
Data Science and Artificial Intelligence,School of Computing and Informatics,Technical,Current uploaded version,current,University Requirements,0030301111,Arabic Language & Communication Skills,HTU,1,Remedial Arabic Language (30301110),1,73f333d7-5819-ed11-b847-00155d140b05_14e97f0f4b0d4574acc5891501674540.pdf
Data Science and Artificial Intelligence,School of Computing and Informatics,Technical,Current uploaded version,current,University Requirements,0030301121,English Pre-Intermediate Intensive + Lab,HTU,4,Pre-Foundation English Elementary Intensive + Lab (0030301120),1,73f333d7-5819-ed11-b847-00155d140b05_14e97f0f4b0d4574acc5891501674540.pdf
Data Science and Artificial Intelligence,School of Computing and Informatics,Technical,Current uploaded version,current,University Requirements,0030301122,English Intermediate,HTU,3,English Pre-Intermediate Intensive + Lab (0030301121),1,73f333d7-5819-ed11-b847-00155d140b05_14e97f0f4b0d4574acc5891501674540.pdf
Data Science and Artificial Intelligence,School of Computing and Informatics,Technical,Current uploaded version,current,University Requirements,0030301123,English Upper - Intermediate,HTU,3,English Intermediate (0030301122),1,73f333d7-5819-ed11-b847-00155d140b05_14e97f0f4b0d4574acc5891501674540.pdf
Data Science and Artificial Intelligence,School of Computing and Informatics,Technical,Current uploaded version,current,University Requirements,0030302129,Military Science,HTU,1,,1,73f333d7-5819-ed11-b847-00155d140b05_14e97f0f4b0d4574acc5891501674540.pdf
Data Science and Artificial Intelligence,School of Computing and Informatics,Technical,Current uploaded version,current,University Requirements,0030303111,Functional Math,HTU,3,Remedial Math (0030303110),1,73f333d7-5819-ed11-b847-00155d140b05_14e97f0f4b0d4574acc5891501674540.pdf
Data Science and Artificial Intelligence,School of Computing and Informatics,Technical,Current uploaded version,current,University Requirements,0030303121,STEM Lab I,HTU,1,,1,73f333d7-5819-ed11-b847-00155d140b05_14e97f0f4b0d4574acc5891501674540.pdf
Data Science and Artificial Intelligence,School of Computing and Informatics,Technical,Current uploaded version,current,University Requirements,0040201100,Programming,HNC,3,Fundamentals of Computing (0040303130),1,73f333d7-5819-ed11-b847-00155d140b05_14e97f0f4b0d4574acc5891501674540.pdf
Data Science and Artificial Intelligence,School of Computing and Informatics,Technical,Current uploaded version,current,University Requirements,0040201290,Planning a Computing Project,HNC,4,Professional Practice (0040302211),1,73f333d7-5819-ed11-b847-00155d140b05_14e97f0f4b0d4574acc5891501674540.pdf
Data Science and Artificial Intelligence,School of Computing and Informatics,Technical,Current uploaded version,current,University Requirements,0040302111,Professional Skills,HTU,1,,1,73f333d7-5819-ed11-b847-00155d140b05_14e97f0f4b0d4574acc5891501674540.pdf
Data Science and Artificial Intelligence,School of Computing and Informatics,Technical,Current uploaded version,current,University Requirements,0040302211,Professional Practice,HNC,3,[Professional Skills (0040302111) or Soft Skills I (30302111)] and English Intermediate (0030301122),1,73f333d7-5819-ed11-b847-00155d140b05_14e97f0f4b0d4574acc5891501674540.pdf
Data Science and Artificial Intelligence,School of Computing and Informatics,Technical,Current uploaded version,current,University Requirements,0040302231,Entrepreneurship Bootcamp,HTU,4,English Upper – Intermediate (0030301123) + [Professional Practice (0040302211) or Soft Skills II (30302112)],1,73f333d7-5819-ed11-b847-00155d140b05_14e97f0f4b0d4574acc5891501674540.pdf
Data Science and Artificial Intelligence,School of Computing and Informatics,Technical,Current uploaded version,current,University Requirements,0040303121,Maths for Computing,HNC,3,Functional Math (0030303111),1,73f333d7-5819-ed11-b847-00155d140b05_14e97f0f4b0d4574acc5891501674540.pdf
Data Science and Artificial Intelligence,School of Computing and Informatics,Technical,Current uploaded version,current,University Requirements,0040303130,Fundamentals of Computing,HTU,4,,1,73f333d7-5819-ed11-b847-00155d140b05_14e97f0f4b0d4574acc5891501674540.pdf
Data Science and Artificial Intelligence,School of Computing and Informatics,Technical,Current uploaded version,current,University Requirements,0040303221,Discrete Maths,HND,3,Maths for computing (0040303121) Corequisite Data Structures & Algorithms (0040201201),1,73f333d7-5819-ed11-b847-00155d140b05_14e97f0f4b0d4574acc5891501674540.pdf
Electrical Engineering,School of Engineering Technology,BSc,2022,current,School Requirements,00101100,Introduction to Engineering Drawing,HTU,,-,6,73f333d7-5819-ed11-b847-00155d140b05_a5f16efa559d481cac6cc29f1cb2d9dc.pdf
Electrical Engineering,School of Engineering Technology,BSc,2022,current,School Requirements,00101103,Workshop I,HTU,,-,6,73f333d7-5819-ed11-b847-00155d140b05_a5f16efa559d481cac6cc29f1cb2d9dc.pdf
Electrical Engineering,School of Engineering Technology,BSc,2022,current,School Requirements,00101104,Workshop II,HTU,,00101103,6,73f333d7-5819-ed11-b847-00155d140b05_a5f16efa559d481cac6cc29f1cb2d9dc.pdf
Electrical Engineering,School of Engineering Technology,BSc,2022,current,School Requirements,00101112,Engineering Design,HNC,,00101100,6,73f333d7-5819-ed11-b847-00155d140b05_a5f16efa559d481cac6cc29f1cb2d9dc.pdf
Electrical Engineering,School of Engineering Technology,BSc,2022,current,School Requirements,00102102,STEM Lab II,HTU,,00103101,6,73f333d7-5819-ed11-b847-00155d140b05_a5f16efa559d481cac6cc29f1cb2d9dc.pdf
Electrical Engineering,School of Engineering Technology,BSc,2022,current,School Requirements,00102111,Engineering Science,HNC,,30303112,6,73f333d7-5819-ed11-b847-00155d140b05_a5f16efa559d481cac6cc29f1cb2d9dc.pdf
Electrical Engineering,School of Engineering Technology,BSc,2022,current,School Requirements,00102220,Managing a Professional Engineering Project,HNC,,00101112,6,73f333d7-5819-ed11-b847-00155d140b05_a5f16efa559d481cac6cc29f1cb2d9dc.pdf
Electrical Engineering,School of Engineering Technology,BSc,2022,current,School Requirements,00102321,Professional Engineering Management,HND,,00102220,7,73f333d7-5819-ed11-b847-00155d140b05_a5f16efa559d481cac6cc29f1cb2d9dc.pdf
Electrical Engineering,School of Engineering Technology,BSc,2022,current,School Requirements,00102541,Photovoltaic Systems,HTU,,00103232,7,73f333d7-5819-ed11-b847-00155d140b05_a5f16efa559d481cac6cc29f1cb2d9dc.pdf
Electrical Engineering,School of Engineering Technology,BSc,2022,current,School Requirements,00103101,STEM Lab I,HTU,,-,6,73f333d7-5819-ed11-b847-00155d140b05_a5f16efa559d481cac6cc29f1cb2d9dc.pdf
Electrical Engineering,School of Engineering Technology,BSc,2022,current,School Requirements,00103110,Engineering Math,HNC,,30303111,6,73f333d7-5819-ed11-b847-00155d140b05_a5f16efa559d481cac6cc29f1cb2d9dc.pdf
Electrical Engineering,School of Engineering Technology,BSc,2022,current,School Requirements,00103205,Advanced Workshop for Electrical Engineers,HTU,,00101104,7,73f333d7-5819-ed11-b847-00155d140b05_a5f16efa559d481cac6cc29f1cb2d9dc.pdf
Electrical Engineering,School of Engineering Technology,BSc,2022,current,School Requirements,00103213,Further Mathematics,HND,,00103110,7,73f333d7-5819-ed11-b847-00155d140b05_a5f16efa559d481cac6cc29f1cb2d9dc.pdf
Electrical Engineering,School of Engineering Technology,BSc,2022,current,School Requirements,00103230,Electrical and Electronic Principles,HNC,,00102111,7,73f333d7-5819-ed11-b847-00155d140b05_a5f16efa559d481cac6cc29f1cb2d9dc.pdf
Electrical Engineering,School of Engineering Technology,BSc,2022,current,School Requirements,00103232,"Further Electrical, Electronic and Digital Principles",HND,,"00103230, 00103213",7,73f333d7-5819-ed11-b847-00155d140b05_a5f16efa559d481cac6cc29f1cb2d9dc.pdf
Electrical Engineering,School of Engineering Technology,BSc,2022,current,School Requirements,00103240,Electronic Circuits and Devices,HNC,,00103230,7,73f333d7-5819-ed11-b847-00155d140b05_a5f16efa559d481cac6cc29f1cb2d9dc.pdf
Electrical Engineering,School of Engineering Technology,BSc,2022,current,School Requirements,00103250,Instrumentation and Control Systems,HNC,,00103230,7,73f333d7-5819-ed11-b847-00155d140b05_a5f16efa559d481cac6cc29f1cb2d9dc.pdf
Electrical Engineering,School of Engineering Technology,BSc,2022,current,School Requirements,00103282,Digital Design,HTU,,40303130,7,73f333d7-5819-ed11-b847-00155d140b05_a5f16efa559d481cac6cc29f1cb2d9dc.pdf
Electrical Engineering,School of Engineering Technology,BSc,2022,current,School Requirements,00103331,"Industrial Power, Electronics and Storage",HND,,00103240,7,73f333d7-5819-ed11-b847-00155d140b05_a5f16efa559d481cac6cc29f1cb2d9dc.pdf
Electrical Engineering,School of Engineering Technology,BSc,2022,current,School Requirements,00103333,Electrical Machines,HTU,,00103232,7,73f333d7-5819-ed11-b847-00155d140b05_a5f16efa559d481cac6cc29f1cb2d9dc.pdf
Electrical Engineering,School of Engineering Technology,BSc,2022,current,School Requirements,00103351,Industrial Systems,HND,,"00103250, 00103282",7,73f333d7-5819-ed11-b847-00155d140b05_a5f16efa559d481cac6cc29f1cb2d9dc.pdf
Electrical Engineering,School of Engineering Technology,BSc,2022,current,School Requirements,00103352,Further Control Systems,HND,,"00103250, 00103213",7,73f333d7-5819-ed11-b847-00155d140b05_a5f16efa559d481cac6cc29f1cb2d9dc.pdf
Electrical Engineering,School of Engineering Technology,BSc,2022,current,School Requirements,00103367,Telecommunication Principles,HNC,,"00103282, 00103110",7,73f333d7-5819-ed11-b847-00155d140b05_a5f16efa559d481cac6cc29f1cb2d9dc.pdf
Electrical Engineering,School of Engineering Technology,BSc,2022,current,School Requirements,00103375,Introduction to AI and Data Sciences,HTU,,40303130 & 00103110,6,73f333d7-5819-ed11-b847-00155d140b05_a5f16efa559d481cac6cc29f1cb2d9dc.pdf
Electrical Engineering,School of Engineering Technology,BSc,2022,current,School Requirements,00103383,Programmable Logic Controllers,HTU,,"00103282, 00103250",7,73f333d7-5819-ed11-b847-00155d140b05_a5f16efa559d481cac6cc29f1cb2d9dc.pdf
Electrical Engineering,School of Engineering Technology,BSc,2022,current,School Requirements,00103490,Research Project for Electrical Engineers,HND,,Passed 90 credit hours,7,73f333d7-5819-ed11-b847-00155d140b05_a5f16efa559d481cac6cc29f1cb2d9dc.pdf
Electrical Engineering,School of Engineering Technology,BSc,2022,current,School Requirements,00103534,Power Systems,HTU,,00103232,7,73f333d7-5819-ed11-b847-00155d140b05_a5f16efa559d481cac6cc29f1cb2d9dc.pdf
Electrical Engineering,School of Engineering Technology,BSc,2022,current,School Requirements,00103546,Advanced Electronics,HTU,,00103240,7,73f333d7-5819-ed11-b847-00155d140b05_a5f16efa559d481cac6cc29f1cb2d9dc.pdf
Electrical Engineering,School of Engineering Technology,BSc,2022,current,School Requirements,00103553,Industry 4.0,HTU,,"00103351, 00103367",7,73f333d7-5819-ed11-b847-00155d140b05_a5f16efa559d481cac6cc29f1cb2d9dc.pdf
Electrical Engineering,School of Engineering Technology,BSc,2022,current,School Requirements,00103566,Speech and Image Processing,HTU,,"00103375, 00103213",7,73f333d7-5819-ed11-b847-00155d140b05_a5f16efa559d481cac6cc29f1cb2d9dc.pdf
Electrical Engineering,School of Engineering Technology,BSc,2022,current,School Requirements,00103568,Engineering Electromagnetics,HTU,,00103230. 00103213,7,73f333d7-5819-ed11-b847-00155d140b05_a5f16efa559d481cac6cc29f1cb2d9dc.pdf
Electrical Engineering,School of Engineering Technology,BSc,2022,current,School Requirements,00103581,Embedded Systems,HTU,,00103282,7,73f333d7-5819-ed11-b847-00155d140b05_a5f16efa559d481cac6cc29f1cb2d9dc.pdf
Electrical Engineering,School of Engineering Technology,BSc,2022,current,School Requirements,30303111,Functional Math,HTU,,30303110,6,73f333d7-5819-ed11-b847-00155d140b05_a5f16efa559d481cac6cc29f1cb2d9dc.pdf
Electrical Engineering,School of Engineering Technology,BSc,2022,current,School Requirements,30303112,Functional Physics,HTU,,-,6,73f333d7-5819-ed11-b847-00155d140b05_a5f16efa559d481cac6cc29f1cb2d9dc.pdf
Electrical Engineering,School of Engineering Technology,BSc,2022,current,School Requirements,40303130,Fundamentals of Computing,HTU,,-,6,73f333d7-5819-ed11-b847-00155d140b05_a5f16efa559d481cac6cc29f1cb2d9dc.pdf
Electrical Engineering,School of Engineering Technology,BSc,2022,current,University Requirements,30301111,Arabic Language & Communication Skills,,,30301110,5,73f333d7-5819-ed11-b847-00155d140b05_a5f16efa559d481cac6cc29f1cb2d9dc.pdf
Electrical Engineering,School of Engineering Technology,BSc,2022,current,University Requirements,30301121,Pre-Intermediate English Intensive + Lab,,,30301120 Pre-Foundation English Elementary Intensive,5,73f333d7-5819-ed11-b847-00155d140b05_a5f16efa559d481cac6cc29f1cb2d9dc.pdf
Electrical Engineering,School of Engineering Technology,BSc,2022,current,University Requirements,30301122,English Intermediate,,,30301121,5,73f333d7-5819-ed11-b847-00155d140b05_a5f16efa559d481cac6cc29f1cb2d9dc.pdf
Electrical Engineering,School of Engineering Technology,BSc,2022,current,University Requirements,30301123,English Upper-Intermediate,,,30301122,5,73f333d7-5819-ed11-b847-00155d140b05_a5f16efa559d481cac6cc29f1cb2d9dc.pdf
Electrical Engineering,School of Engineering Technology,BSc,2022,current,University Requirements,30301124,English Advanced,,,30301123,5,73f333d7-5819-ed11-b847-00155d140b05_a5f16efa559d481cac6cc29f1cb2d9dc.pdf
Electrical Engineering,School of Engineering Technology,BSc,2022,current,University Requirements,30301130,Foundational French Language,,,-,5,73f333d7-5819-ed11-b847-00155d140b05_a5f16efa559d481cac6cc29f1cb2d9dc.pdf
Electrical Engineering,School of Engineering Technology,BSc,2022,current,University Requirements,30301131,French Language Level 1,,,30301130,5,73f333d7-5819-ed11-b847-00155d140b05_a5f16efa559d481cac6cc29f1cb2d9dc.pdf
Electrical Engineering,School of Engineering Technology,BSc,2022,current,University Requirements,30301140,Foundational German Language,,,-,5,73f333d7-5819-ed11-b847-00155d140b05_a5f16efa559d481cac6cc29f1cb2d9dc.pdf
Electrical Engineering,School of Engineering Technology,BSc,2022,current,University Requirements,30301141,German Language level 1,,,30301140,5,73f333d7-5819-ed11-b847-00155d140b05_a5f16efa559d481cac6cc29f1cb2d9dc.pdf
Electrical Engineering,School of Engineering Technology,BSc,2022,current,University Requirements,30301150,Foundational Spanish Language,,,-,5,73f333d7-5819-ed11-b847-00155d140b05_a5f16efa559d481cac6cc29f1cb2d9dc.pdf
Electrical Engineering,School of Engineering Technology,BSc,2022,current,University Requirements,30301160,Foundational Turkish Language,,,-,5,73f333d7-5819-ed11-b847-00155d140b05_a5f16efa559d481cac6cc29f1cb2d9dc.pdf
Electrical Engineering,School of Engineering Technology,BSc,2022,current,University Requirements,30301170,Foundational Italian Language,,,,5,73f333d7-5819-ed11-b847-00155d140b05_a5f16efa559d481cac6cc29f1cb2d9dc.pdf
Electrical Engineering,School of Engineering Technology,BSc,2022,current,University Requirements,30301171,Italian Language,,,30301170,5,73f333d7-5819-ed11-b847-00155d140b05_a5f16efa559d481cac6cc29f1cb2d9dc.pdf
Electrical Engineering,School of Engineering Technology,BSc,2022,current,University Requirements,30301180,Chinese 1,,,,5,73f333d7-5819-ed11-b847-00155d140b05_a5f16efa559d481cac6cc29f1cb2d9dc.pdf
Electrical Engineering,School of Engineering Technology,BSc,2022,current,University Requirements,30301221,Development Academic Writing,,,30301124,5,73f333d7-5819-ed11-b847-00155d140b05_a5f16efa559d481cac6cc29f1cb2d9dc.pdf
Electrical Engineering,School of Engineering Technology,BSc,2022,current,University Requirements,30301222,Research and Technical Writing,,,30301124,5,73f333d7-5819-ed11-b847-00155d140b05_a5f16efa559d481cac6cc29f1cb2d9dc.pdf
Electrical Engineering,School of Engineering Technology,BSc,2022,current,University Requirements,30301232,French Language Level 2,,,30301131,5,73f333d7-5819-ed11-b847-00155d140b05_a5f16efa559d481cac6cc29f1cb2d9dc.pdf
Electrical Engineering,School of Engineering Technology,BSc,2022,current,University Requirements,30301233,French Language Level 3,,,30301232,5,73f333d7-5819-ed11-b847-00155d140b05_a5f16efa559d481cac6cc29f1cb2d9dc.pdf
Electrical Engineering,School of Engineering Technology,BSc,2022,current,University Requirements,30302121,Science & Society Seminar I: Arab Contributions to Science and Arts,,,-,5,73f333d7-5819-ed11-b847-00155d140b05_a5f16efa559d481cac6cc29f1cb2d9dc.pdf
Electrical Engineering,School of Engineering Technology,BSc,2022,current,University Requirements,30302122,Science & Society Seminar II: Philosophy of Science,,,-,5,73f333d7-5819-ed11-b847-00155d140b05_a5f16efa559d481cac6cc29f1cb2d9dc.pdf
Electrical Engineering,School of Engineering Technology,BSc,2022,current,University Requirements,30302123,Art Appreciation and Techniques,,,-,5,73f333d7-5819-ed11-b847-00155d140b05_a5f16efa559d481cac6cc29f1cb2d9dc.pdf
Electrical Engineering,School of Engineering Technology,BSc,2022,current,University Requirements,30302124,Civil & Professional Culture,,,-,5,73f333d7-5819-ed11-b847-00155d140b05_a5f16efa559d481cac6cc29f1cb2d9dc.pdf
Electrical Engineering,School of Engineering Technology,BSc,2022,current,University Requirements,30302125,Rights and Responsibilities: Understanding Human Rights,,,-,5,73f333d7-5819-ed11-b847-00155d140b05_a5f16efa559d481cac6cc29f1cb2d9dc.pdf
Electrical Engineering,School of Engineering Technology,BSc,2022,current,University Requirements,30302129,Military Science,,,-,5,73f333d7-5819-ed11-b847-00155d140b05_a5f16efa559d481cac6cc29f1cb2d9dc.pdf
Electrical Engineering,School of Engineering Technology,BSc,2022,current,University Requirements,30302232,Leadership Camp,,,30302231 or 40302231,5,73f333d7-5819-ed11-b847-00155d140b05_a5f16efa559d481cac6cc29f1cb2d9dc.pdf
Electrical Engineering,School of Engineering Technology,BSc,2022,current,University Requirements,40302111,Professional Skills,,,-,5,73f333d7-5819-ed11-b847-00155d140b05_a5f16efa559d481cac6cc29f1cb2d9dc.pdf
Electrical Engineering,School of Engineering Technology,BSc,2022,current,University Requirements,40302211,Professional Practice,,,40302111,5,73f333d7-5819-ed11-b847-00155d140b05_a5f16efa559d481cac6cc29f1cb2d9dc.pdf
Electrical Engineering,School of Engineering Technology,BSc,2022,current,University Requirements,40302231,Entrepreneurship Bootcamp,,,30301123 & 40302211,5,73f333d7-5819-ed11-b847-00155d140b05_a5f16efa559d481cac6cc29f1cb2d9dc.pdf
Electrical Engineering,School of Engineering Technology,Technical,2022,current,School Requirements,00101100,Introduction to Engineering Drawing,HTU,,-,6,73f333d7-5819-ed11-b847-00155d140b05_2c51c9ef2be44c07bbef01112b5a0a1d.pdf
Electrical Engineering,School of Engineering Technology,Technical,2022,current,School Requirements,00101103,Workshop I,HTU,,-,6,73f333d7-5819-ed11-b847-00155d140b05_2c51c9ef2be44c07bbef01112b5a0a1d.pdf
Electrical Engineering,School of Engineering Technology,Technical,2022,current,School Requirements,00101104,Workshop II,HTU,,00101103,6,73f333d7-5819-ed11-b847-00155d140b05_2c51c9ef2be44c07bbef01112b5a0a1d.pdf
Electrical Engineering,School of Engineering Technology,Technical,2022,current,School Requirements,00101112,Engineering Design,HNC,,00101100,6,73f333d7-5819-ed11-b847-00155d140b05_2c51c9ef2be44c07bbef01112b5a0a1d.pdf
Electrical Engineering,School of Engineering Technology,Technical,2022,current,School Requirements,00102102,STEM Lab II,HTU,,00103101,6,73f333d7-5819-ed11-b847-00155d140b05_2c51c9ef2be44c07bbef01112b5a0a1d.pdf
Electrical Engineering,School of Engineering Technology,Technical,2022,current,School Requirements,00102111,Engineering Science,HNC,,30303112,6,73f333d7-5819-ed11-b847-00155d140b05_2c51c9ef2be44c07bbef01112b5a0a1d.pdf
Electrical Engineering,School of Engineering Technology,Technical,2022,current,School Requirements,00102220,Managing a Professional Engineering Project,HNC,,00101112,6,73f333d7-5819-ed11-b847-00155d140b05_2c51c9ef2be44c07bbef01112b5a0a1d.pdf
Electrical Engineering,School of Engineering Technology,Technical,2022,current,School Requirements,00102321,Professional Engineering Management,HND,,00102220,7,73f333d7-5819-ed11-b847-00155d140b05_2c51c9ef2be44c07bbef01112b5a0a1d.pdf
Electrical Engineering,School of Engineering Technology,Technical,2022,current,School Requirements,00102541,Photovoltaic Systems,HTU,,00103232,7,73f333d7-5819-ed11-b847-00155d140b05_2c51c9ef2be44c07bbef01112b5a0a1d.pdf
Electrical Engineering,School of Engineering Technology,Technical,2022,current,School Requirements,00103101,STEM Lab I,HTU,,-,6,73f333d7-5819-ed11-b847-00155d140b05_2c51c9ef2be44c07bbef01112b5a0a1d.pdf
Electrical Engineering,School of Engineering Technology,Technical,2022,current,School Requirements,00103110,Engineering Math,HNC,,30303111,6,73f333d7-5819-ed11-b847-00155d140b05_2c51c9ef2be44c07bbef01112b5a0a1d.pdf
Electrical Engineering,School of Engineering Technology,Technical,2022,current,School Requirements,00103205,Advanced Workshop for Electrical Engineers,HTU,,00101104,7,73f333d7-5819-ed11-b847-00155d140b05_2c51c9ef2be44c07bbef01112b5a0a1d.pdf
Electrical Engineering,School of Engineering Technology,Technical,2022,current,School Requirements,00103213,Further Mathematics,HND,,00103110,7,73f333d7-5819-ed11-b847-00155d140b05_2c51c9ef2be44c07bbef01112b5a0a1d.pdf
Electrical Engineering,School of Engineering Technology,Technical,2022,current,School Requirements,00103230,Electrical and Electronic Principles,HNC,,00102111,7,73f333d7-5819-ed11-b847-00155d140b05_2c51c9ef2be44c07bbef01112b5a0a1d.pdf
Electrical Engineering,School of Engineering Technology,Technical,2022,current,School Requirements,00103232,"Further Electrical, Electronic and Digital Principles",HND,,"00103230, 00103213",7,73f333d7-5819-ed11-b847-00155d140b05_2c51c9ef2be44c07bbef01112b5a0a1d.pdf
Electrical Engineering,School of Engineering Technology,Technical,2022,current,School Requirements,00103240,Electronic Circuits and Devices,HNC,,00103230,7,73f333d7-5819-ed11-b847-00155d140b05_2c51c9ef2be44c07bbef01112b5a0a1d.pdf
Electrical Engineering,School of Engineering Technology,Technical,2022,current,School Requirements,00103250,Instrumentation and Control Systems,HNC,,00103230,7,73f333d7-5819-ed11-b847-00155d140b05_2c51c9ef2be44c07bbef01112b5a0a1d.pdf
Electrical Engineering,School of Engineering Technology,Technical,2022,current,School Requirements,00103282,Digital Design,HTU,,40303130,7,73f333d7-5819-ed11-b847-00155d140b05_2c51c9ef2be44c07bbef01112b5a0a1d.pdf
Electrical Engineering,School of Engineering Technology,Technical,2022,current,School Requirements,00103331,"Industrial Power, Electronics and Storage",HND,,00103240,7,73f333d7-5819-ed11-b847-00155d140b05_2c51c9ef2be44c07bbef01112b5a0a1d.pdf
Electrical Engineering,School of Engineering Technology,Technical,2022,current,School Requirements,00103333,Electrical Machines,HTU,,00103232,7,73f333d7-5819-ed11-b847-00155d140b05_2c51c9ef2be44c07bbef01112b5a0a1d.pdf
Electrical Engineering,School of Engineering Technology,Technical,2022,current,School Requirements,00103351,Industrial Systems,HND,,"00103250, 00103282",7,73f333d7-5819-ed11-b847-00155d140b05_2c51c9ef2be44c07bbef01112b5a0a1d.pdf
Electrical Engineering,School of Engineering Technology,Technical,2022,current,School Requirements,00103352,Further Control Systems,HND,,"00103250, 00103213",7,73f333d7-5819-ed11-b847-00155d140b05_2c51c9ef2be44c07bbef01112b5a0a1d.pdf
Electrical Engineering,School of Engineering Technology,Technical,2022,current,School Requirements,00103367,Telecommunication Principles,HNC,,"00103282, 00103110",7,73f333d7-5819-ed11-b847-00155d140b05_2c51c9ef2be44c07bbef01112b5a0a1d.pdf
Electrical Engineering,School of Engineering Technology,Technical,2022,current,School Requirements,00103375,Introduction to AI and Data Sciences,HTU,,40303130 & 00103110,6,73f333d7-5819-ed11-b847-00155d140b05_2c51c9ef2be44c07bbef01112b5a0a1d.pdf
Electrical Engineering,School of Engineering Technology,Technical,2022,current,School Requirements,00103383,Programmable Logic Controllers,HTU,,"00103282, 00103250",7,73f333d7-5819-ed11-b847-00155d140b05_2c51c9ef2be44c07bbef01112b5a0a1d.pdf
Electrical Engineering,School of Engineering Technology,Technical,2022,current,School Requirements,00103490,Research Project for Electrical Engineers,HND,,Passed 90 credit hours,7,73f333d7-5819-ed11-b847-00155d140b05_2c51c9ef2be44c07bbef01112b5a0a1d.pdf
Electrical Engineering,School of Engineering Technology,Technical,2022,current,School Requirements,30303111,Functional Math,HTU,,30303110,6,73f333d7-5819-ed11-b847-00155d140b05_2c51c9ef2be44c07bbef01112b5a0a1d.pdf
Electrical Engineering,School of Engineering Technology,Technical,2022,current,School Requirements,30303112,Functional Physics,HTU,,-,6,73f333d7-5819-ed11-b847-00155d140b05_2c51c9ef2be44c07bbef01112b5a0a1d.pdf
Electrical Engineering,School of Engineering Technology,Technical,2022,current,School Requirements,40303130,Fundamentals of Computing,HTU,,-,6,73f333d7-5819-ed11-b847-00155d140b05_2c51c9ef2be44c07bbef01112b5a0a1d.pdf
Electrical Engineering,School of Engineering Technology,Technical,2022,current,University Requirements,30301111,Arabic Language & Communication Skills,,,30301110,5,73f333d7-5819-ed11-b847-00155d140b05_2c51c9ef2be44c07bbef01112b5a0a1d.pdf
Electrical Engineering,School of Engineering Technology,Technical,2022,current,University Requirements,30301121,Pre-Intermediate English Intensive + Lab,,,30301120 Pre-Foundation English Elementary Intensive,5,73f333d7-5819-ed11-b847-00155d140b05_2c51c9ef2be44c07bbef01112b5a0a1d.pdf
Electrical Engineering,School of Engineering Technology,Technical,2022,current,University Requirements,30301122,English Intermediate,,,30301121,5,73f333d7-5819-ed11-b847-00155d140b05_2c51c9ef2be44c07bbef01112b5a0a1d.pdf
Electrical Engineering,School of Engineering Technology,Technical,2022,current,University Requirements,30301123,English Upper-Intermediate,,,30301122,5,73f333d7-5819-ed11-b847-00155d140b05_2c51c9ef2be44c07bbef01112b5a0a1d.pdf
Electrical Engineering,School of Engineering Technology,Technical,2022,current,University Requirements,30301130,Foundational French Language,,,-,5,73f333d7-5819-ed11-b847-00155d140b05_2c51c9ef2be44c07bbef01112b5a0a1d.pdf
Electrical Engineering,School of Engineering Technology,Technical,2022,current,University Requirements,30301131,French Language Level 1,,,30301130,5,73f333d7-5819-ed11-b847-00155d140b05_2c51c9ef2be44c07bbef01112b5a0a1d.pdf
Electrical Engineering,School of Engineering Technology,Technical,2022,current,University Requirements,30301140,Foundational German Language,,,-,5,73f333d7-5819-ed11-b847-00155d140b05_2c51c9ef2be44c07bbef01112b5a0a1d.pdf
Electrical Engineering,School of Engineering Technology,Technical,2022,current,University Requirements,30301141,German Language level 1,,,30301140,5,73f333d7-5819-ed11-b847-00155d140b05_2c51c9ef2be44c07bbef01112b5a0a1d.pdf
Electrical Engineering,School of Engineering Technology,Technical,2022,current,University Requirements,30301150,Foundational Spanish Language,,,-,5,73f333d7-5819-ed11-b847-00155d140b05_2c51c9ef2be44c07bbef01112b5a0a1d.pdf
Electrical Engineering,School of Engineering Technology,Technical,2022,current,University Requirements,30301160,Foundational Turkish Language,,,-,5,73f333d7-5819-ed11-b847-00155d140b05_2c51c9ef2be44c07bbef01112b5a0a1d.pdf
Electrical Engineering,School of Engineering Technology,Technical,2022,current,University Requirements,30301170,Foundational Italian Language,,,,5,73f333d7-5819-ed11-b847-00155d140b05_2c51c9ef2be44c07bbef01112b5a0a1d.pdf
Electrical Engineering,School of Engineering Technology,Technical,2022,current,University Requirements,30301171,Italian Language,,,30301170,5,73f333d7-5819-ed11-b847-00155d140b05_2c51c9ef2be44c07bbef01112b5a0a1d.pdf
Electrical Engineering,School of Engineering Technology,Technical,2022,current,University Requirements,30301180,Chinese 1,,,,5,73f333d7-5819-ed11-b847-00155d140b05_2c51c9ef2be44c07bbef01112b5a0a1d.pdf
Electrical Engineering,School of Engineering Technology,Technical,2022,current,University Requirements,30301221,Development Academic Writing,,,30301124,5,73f333d7-5819-ed11-b847-00155d140b05_2c51c9ef2be44c07bbef01112b5a0a1d.pdf
Electrical Engineering,School of Engineering Technology,Technical,2022,current,University Requirements,30301222,Research and Technical Writing,,,30301124,5,73f333d7-5819-ed11-b847-00155d140b05_2c51c9ef2be44c07bbef01112b5a0a1d.pdf
Electrical Engineering,School of Engineering Technology,Technical,2022,current,University Requirements,30301232,French Language Level 2,,,30301131,5,73f333d7-5819-ed11-b847-00155d140b05_2c51c9ef2be44c07bbef01112b5a0a1d.pdf
Electrical Engineering,School of Engineering Technology,Technical,2022,current,University Requirements,30301233,French Language Level 3,,,30301232,5,73f333d7-5819-ed11-b847-00155d140b05_2c51c9ef2be44c07bbef01112b5a0a1d.pdf
Electrical Engineering,School of Engineering Technology,Technical,2022,current,University Requirements,30302121,Science & Society Seminar I: Arab Contributions to Science and Arts,,,-,5,73f333d7-5819-ed11-b847-00155d140b05_2c51c9ef2be44c07bbef01112b5a0a1d.pdf
Electrical Engineering,School of Engineering Technology,Technical,2022,current,University Requirements,30302122,Science & Society Seminar II: Philosophy of Science,,,-,5,73f333d7-5819-ed11-b847-00155d140b05_2c51c9ef2be44c07bbef01112b5a0a1d.pdf
Electrical Engineering,School of Engineering Technology,Technical,2022,current,University Requirements,30302123,Art Appreciation and Techniques,,,-,5,73f333d7-5819-ed11-b847-00155d140b05_2c51c9ef2be44c07bbef01112b5a0a1d.pdf
Electrical Engineering,School of Engineering Technology,Technical,2022,current,University Requirements,30302124,Civil & Professional Culture,,,-,5,73f333d7-5819-ed11-b847-00155d140b05_2c51c9ef2be44c07bbef01112b5a0a1d.pdf
Electrical Engineering,School of Engineering Technology,Technical,2022,current,University Requirements,30302125,Rights and Responsibilities: Understanding Human Rights,,,-,5,73f333d7-5819-ed11-b847-00155d140b05_2c51c9ef2be44c07bbef01112b5a0a1d.pdf
Electrical Engineering,School of Engineering Technology,Technical,2022,current,University Requirements,30302129,Military Science,,,-,5,73f333d7-5819-ed11-b847-00155d140b05_2c51c9ef2be44c07bbef01112b5a0a1d.pdf
Electrical Engineering,School of Engineering Technology,Technical,2022,current,University Requirements,40302111,Professional Skills,,,-,5,73f333d7-5819-ed11-b847-00155d140b05_2c51c9ef2be44c07bbef01112b5a0a1d.pdf
Electrical Engineering,School of Engineering Technology,Technical,2022,current,University Requirements,40302211,Professional Practice,,,40302111,5,73f333d7-5819-ed11-b847-00155d140b05_2c51c9ef2be44c07bbef01112b5a0a1d.pdf
Electrical Engineering,School of Engineering Technology,Technical,2022,current,University Requirements,40302231,Entrepreneurship Bootcamp,,,30301123 & 40302211,5,73f333d7-5819-ed11-b847-00155d140b05_2c51c9ef2be44c07bbef01112b5a0a1d.pdf
Energy Engineering,School of Engineering Technology,BSc,,current,Program Requirements,00101240,Fundamentals of Thermodynamics and Heat Engines,HNC,4,00102111,7,73f333d7-5819-ed11-b847-00155d140b05_f3badd12ad3f4e079cb16443be5bbf11.pdf
Energy Engineering,School of Engineering Technology,BSc,,current,Program Requirements,00101241,Fluid Mechanics,HNC,4,00102111,7,73f333d7-5819-ed11-b847-00155d140b05_f3badd12ad3f4e079cb16443be5bbf11.pdf
Energy Engineering,School of Engineering Technology,BSc,,current,Program Requirements,00101343,Further Thermodynamics,HND,4,00101240,7,73f333d7-5819-ed11-b847-00155d140b05_f3badd12ad3f4e079cb16443be5bbf11.pdf
Energy Engineering,School of Engineering Technology,BSc,,current,Program Requirements,00101345,"Heating, Ventilation and Air Conditioning (HVAC)",HTU,3,00101240,7,73f333d7-5819-ed11-b847-00155d140b05_f3badd12ad3f4e079cb16443be5bbf11.pdf
Energy Engineering,School of Engineering Technology,BSc,,current,Program Requirements,00101366,Lean Manufacturing,HND,4,00101112,7,73f333d7-5819-ed11-b847-00155d140b05_f3badd12ad3f4e079cb16443be5bbf11.pdf
Energy Engineering,School of Engineering Technology,BSc,,current,Program Requirements,00101442,Heat and Mass Transfer,HTU,3,00101240,7,73f333d7-5819-ed11-b847-00155d140b05_f3badd12ad3f4e079cb16443be5bbf11.pdf
Energy Engineering,School of Engineering Technology,BSc,,current,Program Requirements,00102205,Advanced Workshop for Energy Engineers,HTU,1,00101104,7,73f333d7-5819-ed11-b847-00155d140b05_f3badd12ad3f4e079cb16443be5bbf11.pdf
Energy Engineering,School of Engineering Technology,BSc,,current,Program Requirements,00102321,Professional Engineering Management,HND,4,00102220,7,73f333d7-5819-ed11-b847-00155d140b05_f3badd12ad3f4e079cb16443be5bbf11.pdf
Energy Engineering,School of Engineering Technology,BSc,,current,Program Requirements,00102330,Energy Resources and Conversion,HTU,3,00101240,7,73f333d7-5819-ed11-b847-00155d140b05_f3badd12ad3f4e079cb16443be5bbf11.pdf
Energy Engineering,School of Engineering Technology,BSc,,current,Program Requirements,00102340,Renewable Energy Systems and Technologies,HTU,3,00102111,7,73f333d7-5819-ed11-b847-00155d140b05_f3badd12ad3f4e079cb16443be5bbf11.pdf
Energy Engineering,School of Engineering Technology,BSc,,current,Program Requirements,00102490,Research Project for Energy Engineers,HND,4,Department Approval,7,73f333d7-5819-ed11-b847-00155d140b05_f3badd12ad3f4e079cb16443be5bbf11.pdf
Energy Engineering,School of Engineering Technology,BSc,,current,Program Requirements,00102496,Practical Training for Energy Engineers (PATH),HTU,6,30302231 & 30301123,8,73f333d7-5819-ed11-b847-00155d140b05_f3badd12ad3f4e079cb16443be5bbf11.pdf
Energy Engineering,School of Engineering Technology,BSc,,current,Program Requirements,00102497,Practical Training for Energy Engineers (PATH) continuation,HTU,12,00102496,8,73f333d7-5819-ed11-b847-00155d140b05_f3badd12ad3f4e079cb16443be5bbf11.pdf
Energy Engineering,School of Engineering Technology,BSc,,current,Program Requirements,00102522,Maintenance Engineering,HTU,3,00102321,8,73f333d7-5819-ed11-b847-00155d140b05_f3badd12ad3f4e079cb16443be5bbf11.pdf
Energy Engineering,School of Engineering Technology,BSc,,current,Program Requirements,00102523,"Health, safety, and Environment",HTU,1,00102321,7,73f333d7-5819-ed11-b847-00155d140b05_f3badd12ad3f4e079cb16443be5bbf11.pdf
Energy Engineering,School of Engineering Technology,BSc,,current,Program Requirements,00102531,"Energy Economics, Policy, and Regulations",HTU,3,00102330,7,73f333d7-5819-ed11-b847-00155d140b05_f3badd12ad3f4e079cb16443be5bbf11.pdf
Energy Engineering,School of Engineering Technology,BSc,,current,Program Requirements,00102532,Energy Efficiency and Management,HTU,3,00102330,7,73f333d7-5819-ed11-b847-00155d140b05_f3badd12ad3f4e079cb16443be5bbf11.pdf
Energy Engineering,School of Engineering Technology,BSc,,current,Program Requirements,00102541,Photovoltaic Systems,HTU,3,00103232 & 00102340,7,73f333d7-5819-ed11-b847-00155d140b05_f3badd12ad3f4e079cb16443be5bbf11.pdf
Energy Engineering,School of Engineering Technology,BSc,,current,Program Requirements,00102542,Solar Thermal Systems,HTU,3,00101242,8,73f333d7-5819-ed11-b847-00155d140b05_f3badd12ad3f4e079cb16443be5bbf11.pdf
Energy Engineering,School of Engineering Technology,BSc,,current,Program Requirements,00102543,Wind Energy,HTU,3,00103333,8,73f333d7-5819-ed11-b847-00155d140b05_f3badd12ad3f4e079cb16443be5bbf11.pdf
Energy Engineering,School of Engineering Technology,BSc,,current,Program Requirements,00102544,Green Buildings,HTU,3,00102111,8,73f333d7-5819-ed11-b847-00155d140b05_f3badd12ad3f4e079cb16443be5bbf11.pdf
Energy Engineering,School of Engineering Technology,BSc,,current,Program Requirements,00102545,Sustainability,HTU,3,00102340,8,73f333d7-5819-ed11-b847-00155d140b05_f3badd12ad3f4e079cb16443be5bbf11.pdf
Energy Engineering,School of Engineering Technology,BSc,,current,Program Requirements,00102550,Energy Storage,HTU,3,00103331,8,73f333d7-5819-ed11-b847-00155d140b05_f3badd12ad3f4e079cb16443be5bbf11.pdf
Energy Engineering,School of Engineering Technology,BSc,,current,Program Requirements,00102551,Smart Grids,HTU,3,"00103331, 00103534",8,73f333d7-5819-ed11-b847-00155d140b05_f3badd12ad3f4e079cb16443be5bbf11.pdf
Energy Engineering,School of Engineering Technology,BSc,,current,Program Requirements,00102552,Electric and Hybrid Vehicles,HTU,3,00103333,8,73f333d7-5819-ed11-b847-00155d140b05_f3badd12ad3f4e079cb16443be5bbf11.pdf
Energy Engineering,School of Engineering Technology,BSc,,current,Program Requirements,00102553,Energy Simulation in buildings,HTU,3,00101545,8,73f333d7-5819-ed11-b847-00155d140b05_f3badd12ad3f4e079cb16443be5bbf11.pdf
Energy Engineering,School of Engineering Technology,BSc,,current,Program Requirements,00102593,Special Topics in Energy Engineering,HTU,3,Department Approval,8,73f333d7-5819-ed11-b847-00155d140b05_f3badd12ad3f4e079cb16443be5bbf11.pdf
Energy Engineering,School of Engineering Technology,BSc,,current,Program Requirements,00102594,Capstone Project for Energy Engineers,HTU,1,00102490,7,73f333d7-5819-ed11-b847-00155d140b05_f3badd12ad3f4e079cb16443be5bbf11.pdf
Energy Engineering,School of Engineering Technology,BSc,,current,Program Requirements,00102595,Capstone Project for Energy Engineers continuation,HTU,2,00102594,7,73f333d7-5819-ed11-b847-00155d140b05_f3badd12ad3f4e079cb16443be5bbf11.pdf
Energy Engineering,School of Engineering Technology,BSc,,current,Program Requirements,00103213,Further Mathematics,HND,4,00103110,7,73f333d7-5819-ed11-b847-00155d140b05_f3badd12ad3f4e079cb16443be5bbf11.pdf
Energy Engineering,School of Engineering Technology,BSc,,current,Program Requirements,00103230,Electrical and Electronic Principles,HNC,4,00102111,7,73f333d7-5819-ed11-b847-00155d140b05_f3badd12ad3f4e079cb16443be5bbf11.pdf
Energy Engineering,School of Engineering Technology,BSc,,current,Program Requirements,00103232,"Further Electrical, Electronic and Digital Principles",HND,4,"00103230, 00103213",7,73f333d7-5819-ed11-b847-00155d140b05_f3badd12ad3f4e079cb16443be5bbf11.pdf
Energy Engineering,School of Engineering Technology,BSc,,current,Program Requirements,00103240,Electronic Circuits and Devices,HNC,4,00103230,7,73f333d7-5819-ed11-b847-00155d140b05_f3badd12ad3f4e079cb16443be5bbf11.pdf
Energy Engineering,School of Engineering Technology,BSc,,current,Program Requirements,00103250,Instrumentation and Control Systems,HNC,4,00103230,7,73f333d7-5819-ed11-b847-00155d140b05_f3badd12ad3f4e079cb16443be5bbf11.pdf
Energy Engineering,School of Engineering Technology,BSc,,current,Program Requirements,00103331,"Industrial Power, Electronics and Storage",HND,4,00103240,7,73f333d7-5819-ed11-b847-00155d140b05_f3badd12ad3f4e079cb16443be5bbf11.pdf
Energy Engineering,School of Engineering Technology,BSc,,current,Program Requirements,00103333,Electrical Machines,HTU,3,00103232,8,73f333d7-5819-ed11-b847-00155d140b05_f3badd12ad3f4e079cb16443be5bbf11.pdf
Energy Engineering,School of Engineering Technology,BSc,,current,Program Requirements,00103534,Power Systems,HTU,3,00103232,7,73f333d7-5819-ed11-b847-00155d140b05_f3badd12ad3f4e079cb16443be5bbf11.pdf
Energy Engineering,School of Engineering Technology,BSc,,current,School Requirements,00101100,Introduction to Engineering Drawing,HTU,1,-,6,73f333d7-5819-ed11-b847-00155d140b05_f3badd12ad3f4e079cb16443be5bbf11.pdf
Energy Engineering,School of Engineering Technology,BSc,,current,School Requirements,00101103,Workshop I,HTU,2,-,6,73f333d7-5819-ed11-b847-00155d140b05_f3badd12ad3f4e079cb16443be5bbf11.pdf
Energy Engineering,School of Engineering Technology,BSc,,current,School Requirements,00101104,Workshop II,HTU,1,00101103,6,73f333d7-5819-ed11-b847-00155d140b05_f3badd12ad3f4e079cb16443be5bbf11.pdf
Energy Engineering,School of Engineering Technology,BSc,,current,School Requirements,00101112,Engineering Design,HNC,4,00101100,6,73f333d7-5819-ed11-b847-00155d140b05_f3badd12ad3f4e079cb16443be5bbf11.pdf
Energy Engineering,School of Engineering Technology,BSc,,current,School Requirements,00102102,STEM Lab II,HTU,1,00103101,6,73f333d7-5819-ed11-b847-00155d140b05_f3badd12ad3f4e079cb16443be5bbf11.pdf
Energy Engineering,School of Engineering Technology,BSc,,current,School Requirements,00102111,Engineering Science,HNC,4,30303112,6,73f333d7-5819-ed11-b847-00155d140b05_f3badd12ad3f4e079cb16443be5bbf11.pdf
Energy Engineering,School of Engineering Technology,BSc,,current,School Requirements,00102220,Managing a Professional Engineering Project,HNC,4,00101112,6,73f333d7-5819-ed11-b847-00155d140b05_f3badd12ad3f4e079cb16443be5bbf11.pdf
Energy Engineering,School of Engineering Technology,BSc,,current,School Requirements,00103101,STEM Lab I,HTU,1,-,6,73f333d7-5819-ed11-b847-00155d140b05_f3badd12ad3f4e079cb16443be5bbf11.pdf
Energy Engineering,School of Engineering Technology,BSc,,current,School Requirements,00103110,Engineering Math,HNC,4,30303111,6,73f333d7-5819-ed11-b847-00155d140b05_f3badd12ad3f4e079cb16443be5bbf11.pdf
Energy Engineering,School of Engineering Technology,BSc,,current,School Requirements,00103375,Introduction to AI and Data Sciences,HTU,3,40303130 & 00103110,6,73f333d7-5819-ed11-b847-00155d140b05_f3badd12ad3f4e079cb16443be5bbf11.pdf
Energy Engineering,School of Engineering Technology,BSc,,current,School Requirements,30303111,Functional Math,HTU,3,3030110,6,73f333d7-5819-ed11-b847-00155d140b05_f3badd12ad3f4e079cb16443be5bbf11.pdf
Energy Engineering,School of Engineering Technology,BSc,,current,School Requirements,30303112,Functional Physics,HTU,3,-,6,73f333d7-5819-ed11-b847-00155d140b05_f3badd12ad3f4e079cb16443be5bbf11.pdf
Energy Engineering,School of Engineering Technology,BSc,,current,School Requirements,40303130,Fundamentals of Computing,HTU,4,-,6,73f333d7-5819-ed11-b847-00155d140b05_f3badd12ad3f4e079cb16443be5bbf11.pdf
Energy Engineering,School of Engineering Technology,BSc,,current,University Requirements,30301111,Arabic Language and communication skills,,1,Arabic Placement test score ≥60 or 30301110,5,73f333d7-5819-ed11-b847-00155d140b05_f3badd12ad3f4e079cb16443be5bbf11.pdf
Energy Engineering,School of Engineering Technology,BSc,,current,University Requirements,30301121,Pre-Intermediate English Intensive + Lab,,4,30301120 Pre-Foundation English Elementary Intensive,5,73f333d7-5819-ed11-b847-00155d140b05_f3badd12ad3f4e079cb16443be5bbf11.pdf
Energy Engineering,School of Engineering Technology,BSc,,current,University Requirements,30301122,English Intermediate,,3,30301121,5,73f333d7-5819-ed11-b847-00155d140b05_f3badd12ad3f4e079cb16443be5bbf11.pdf
Energy Engineering,School of Engineering Technology,BSc,,current,University Requirements,30301123,English Upper-Intermediate,,3,30301122,5,73f333d7-5819-ed11-b847-00155d140b05_f3badd12ad3f4e079cb16443be5bbf11.pdf
Energy Engineering,School of Engineering Technology,BSc,,current,University Requirements,30301124,English Advanced,,3,30301123,5,73f333d7-5819-ed11-b847-00155d140b05_f3badd12ad3f4e079cb16443be5bbf11.pdf
Energy Engineering,School of Engineering Technology,BSc,,current,University Requirements,30301130,Foundational French Language,,1,-,5,73f333d7-5819-ed11-b847-00155d140b05_f3badd12ad3f4e079cb16443be5bbf11.pdf
Energy Engineering,School of Engineering Technology,BSc,,current,University Requirements,30301131,French language Level 1,,1,30301130,5,73f333d7-5819-ed11-b847-00155d140b05_f3badd12ad3f4e079cb16443be5bbf11.pdf
Energy Engineering,School of Engineering Technology,BSc,,current,University Requirements,30301132,French Language Level 2,,1,30301131,5,73f333d7-5819-ed11-b847-00155d140b05_f3badd12ad3f4e079cb16443be5bbf11.pdf
Energy Engineering,School of Engineering Technology,BSc,,current,University Requirements,30301133,French Language Level 3,,1,30301132,5,73f333d7-5819-ed11-b847-00155d140b05_f3badd12ad3f4e079cb16443be5bbf11.pdf
Energy Engineering,School of Engineering Technology,BSc,,current,University Requirements,30301140,Foundational German Language,,1,-,5,73f333d7-5819-ed11-b847-00155d140b05_f3badd12ad3f4e079cb16443be5bbf11.pdf
Energy Engineering,School of Engineering Technology,BSc,,current,University Requirements,30301141,German Language level 1,,1,30301140,5,73f333d7-5819-ed11-b847-00155d140b05_f3badd12ad3f4e079cb16443be5bbf11.pdf
Energy Engineering,School of Engineering Technology,BSc,,current,University Requirements,30301160,Foundational Turkish Language,,1,-,5,73f333d7-5819-ed11-b847-00155d140b05_f3badd12ad3f4e079cb16443be5bbf11.pdf
Energy Engineering,School of Engineering Technology,BSc,,current,University Requirements,30301170,Foundational Italian Language,,1,-,5,73f333d7-5819-ed11-b847-00155d140b05_f3badd12ad3f4e079cb16443be5bbf11.pdf
Energy Engineering,School of Engineering Technology,BSc,,current,University Requirements,30301171,Italian language,,1,-,5,73f333d7-5819-ed11-b847-00155d140b05_f3badd12ad3f4e079cb16443be5bbf11.pdf
Energy Engineering,School of Engineering Technology,BSc,,current,University Requirements,30301180,Chinese 1,,1,-,5,73f333d7-5819-ed11-b847-00155d140b05_f3badd12ad3f4e079cb16443be5bbf11.pdf
Energy Engineering,School of Engineering Technology,BSc,,current,University Requirements,30301221,Development Academic Writing,,1,30301124,5,73f333d7-5819-ed11-b847-00155d140b05_f3badd12ad3f4e079cb16443be5bbf11.pdf
Energy Engineering,School of Engineering Technology,BSc,,current,University Requirements,30301222,Research and Technical Writing,,1,30301124,5,73f333d7-5819-ed11-b847-00155d140b05_f3badd12ad3f4e079cb16443be5bbf11.pdf
Energy Engineering,School of Engineering Technology,BSc,,current,University Requirements,30302121,Science & Society Seminar I: Arab Contributions to Science and Arts,,1,-,5,73f333d7-5819-ed11-b847-00155d140b05_f3badd12ad3f4e079cb16443be5bbf11.pdf
Energy Engineering,School of Engineering Technology,BSc,,current,University Requirements,30302122,Science & Society Seminar II: Philosophy of Science,,1,-,5,73f333d7-5819-ed11-b847-00155d140b05_f3badd12ad3f4e079cb16443be5bbf11.pdf
Energy Engineering,School of Engineering Technology,BSc,,current,University Requirements,30302129,Military Science,,1,-,5,73f333d7-5819-ed11-b847-00155d140b05_f3badd12ad3f4e079cb16443be5bbf11.pdf
Energy Engineering,School of Engineering Technology,BSc,,current,University Requirements,30302232,Leadership Camp*,,1,30302231 &40302231,5,73f333d7-5819-ed11-b847-00155d140b05_f3badd12ad3f4e079cb16443be5bbf11.pdf
Energy Engineering,School of Engineering Technology,BSc,,current,University Requirements,40302111,Professional Skills,,1,-,5,73f333d7-5819-ed11-b847-00155d140b05_f3badd12ad3f4e079cb16443be5bbf11.pdf
Energy Engineering,School of Engineering Technology,BSc,,current,University Requirements,40302112,Professional Practice,,3,40302111,5,73f333d7-5819-ed11-b847-00155d140b05_f3badd12ad3f4e079cb16443be5bbf11.pdf
Energy Engineering,School of Engineering Technology,BSc,,current,University Requirements,40302231,Entrepreneurship Boot camp,,4,30301123 &40302211,5,73f333d7-5819-ed11-b847-00155d140b05_f3badd12ad3f4e079cb16443be5bbf11.pdf
Energy Engineering,School of Engineering Technology,Technical,2022,current,School Requirements,00101100,Introduction to Engineering Drawing,HTU,,-,6,73f333d7-5819-ed11-b847-00155d140b05_f6979bdb96b1410f9409d547020c9359.pdf
Energy Engineering,School of Engineering Technology,Technical,2022,current,School Requirements,00101103,Workshop I,HTU,,-,6,73f333d7-5819-ed11-b847-00155d140b05_f6979bdb96b1410f9409d547020c9359.pdf
Energy Engineering,School of Engineering Technology,Technical,2022,current,School Requirements,00101104,Workshop II,HTU,,00101103,6,73f333d7-5819-ed11-b847-00155d140b05_f6979bdb96b1410f9409d547020c9359.pdf
Energy Engineering,School of Engineering Technology,Technical,2022,current,School Requirements,00101112,Engineering Design,HNC,,00101100,6,73f333d7-5819-ed11-b847-00155d140b05_f6979bdb96b1410f9409d547020c9359.pdf
Energy Engineering,School of Engineering Technology,Technical,2022,current,School Requirements,00101240,Fundamentals of Thermodynamics and Heat Engines,HNC,,00102111,7,73f333d7-5819-ed11-b847-00155d140b05_f6979bdb96b1410f9409d547020c9359.pdf
Energy Engineering,School of Engineering Technology,Technical,2022,current,School Requirements,00101241,Fluid Mechanics,HNC,,00102111,7,73f333d7-5819-ed11-b847-00155d140b05_f6979bdb96b1410f9409d547020c9359.pdf
Energy Engineering,School of Engineering Technology,Technical,2022,current,School Requirements,00101343,Further Thermodynamics,HND,,00101240,7,73f333d7-5819-ed11-b847-00155d140b05_f6979bdb96b1410f9409d547020c9359.pdf
Energy Engineering,School of Engineering Technology,Technical,2022,current,School Requirements,00101345,"Heating, Ventilation and Air Conditioning (HVAC)",HTU,,00101240,7,73f333d7-5819-ed11-b847-00155d140b05_f6979bdb96b1410f9409d547020c9359.pdf
Energy Engineering,School of Engineering Technology,Technical,2022,current,School Requirements,00101366,Lean Manufacturing,HND,,00101112,7,73f333d7-5819-ed11-b847-00155d140b05_f6979bdb96b1410f9409d547020c9359.pdf
Energy Engineering,School of Engineering Technology,Technical,2022,current,School Requirements,00102102,STEM Lab II,HTU,,00103101,6,73f333d7-5819-ed11-b847-00155d140b05_f6979bdb96b1410f9409d547020c9359.pdf
Energy Engineering,School of Engineering Technology,Technical,2022,current,School Requirements,00102111,Engineering Science,HNC,,30303112,6,73f333d7-5819-ed11-b847-00155d140b05_f6979bdb96b1410f9409d547020c9359.pdf
Energy Engineering,School of Engineering Technology,Technical,2022,current,School Requirements,00102205,Advanced Workshop for Energy Engineers,HTU,,00101104,7,73f333d7-5819-ed11-b847-00155d140b05_f6979bdb96b1410f9409d547020c9359.pdf
Energy Engineering,School of Engineering Technology,Technical,2022,current,School Requirements,00102220,Managing a Professional Engineering Project,HNC,,00101112,6,73f333d7-5819-ed11-b847-00155d140b05_f6979bdb96b1410f9409d547020c9359.pdf
Energy Engineering,School of Engineering Technology,Technical,2022,current,School Requirements,00102321,Professional Engineering Management,HND,,00102220,7,73f333d7-5819-ed11-b847-00155d140b05_f6979bdb96b1410f9409d547020c9359.pdf
Energy Engineering,School of Engineering Technology,Technical,2022,current,School Requirements,00102330,Energy Resources and Conversion,HTU,,00101240,7,73f333d7-5819-ed11-b847-00155d140b05_f6979bdb96b1410f9409d547020c9359.pdf
Energy Engineering,School of Engineering Technology,Technical,2022,current,School Requirements,00102340,Renewable Energy Systems and Technologies,HTU,,00102111,7,73f333d7-5819-ed11-b847-00155d140b05_f6979bdb96b1410f9409d547020c9359.pdf
Energy Engineering,School of Engineering Technology,Technical,2022,current,School Requirements,00102490,Research Project for Energy Engineers,HND,,Department Approval,7,73f333d7-5819-ed11-b847-00155d140b05_f6979bdb96b1410f9409d547020c9359.pdf
Energy Engineering,School of Engineering Technology,Technical,2022,current,School Requirements,00102496,Practical Training for Energy Engineers (PATH),HTU,6,30302231 & 30301123,7,73f333d7-5819-ed11-b847-00155d140b05_f6979bdb96b1410f9409d547020c9359.pdf
Energy Engineering,School of Engineering Technology,Technical,2022,current,School Requirements,00102497,Practical Training for Energy Engineers (PATH) continuation,HTU,12,00102496,7,73f333d7-5819-ed11-b847-00155d140b05_f6979bdb96b1410f9409d547020c9359.pdf
Energy Engineering,School of Engineering Technology,Technical,2022,current,School Requirements,00102541,Photovoltaic Systems,HTU,,00103232 & 00102340,7,73f333d7-5819-ed11-b847-00155d140b05_f6979bdb96b1410f9409d547020c9359.pdf
Energy Engineering,School of Engineering Technology,Technical,2022,current,School Requirements,00103101,STEM Lab I,HTU,,-,6,73f333d7-5819-ed11-b847-00155d140b05_f6979bdb96b1410f9409d547020c9359.pdf
Energy Engineering,School of Engineering Technology,Technical,2022,current,School Requirements,00103110,Engineering Math,HNC,,30303111,6,73f333d7-5819-ed11-b847-00155d140b05_f6979bdb96b1410f9409d547020c9359.pdf
Energy Engineering,School of Engineering Technology,Technical,2022,current,School Requirements,00103213,Further Mathematics,HND,,00103110,7,73f333d7-5819-ed11-b847-00155d140b05_f6979bdb96b1410f9409d547020c9359.pdf
Energy Engineering,School of Engineering Technology,Technical,2022,current,School Requirements,00103230,Electrical and Electronic Principles,HNC,,00102111,7,73f333d7-5819-ed11-b847-00155d140b05_f6979bdb96b1410f9409d547020c9359.pdf
Energy Engineering,School of Engineering Technology,Technical,2022,current,School Requirements,00103232,"Further Electrical, Electronic and Digital Principles",HND,,"00103230, 00103213",7,73f333d7-5819-ed11-b847-00155d140b05_f6979bdb96b1410f9409d547020c9359.pdf
Energy Engineering,School of Engineering Technology,Technical,2022,current,School Requirements,00103240,Electronic Circuits and Devices,HNC,,00103230,7,73f333d7-5819-ed11-b847-00155d140b05_f6979bdb96b1410f9409d547020c9359.pdf
Energy Engineering,School of Engineering Technology,Technical,2022,current,School Requirements,00103331,"Industrial Power, Electronics and Storage",HND,,00103240,7,73f333d7-5819-ed11-b847-00155d140b05_f6979bdb96b1410f9409d547020c9359.pdf
Energy Engineering,School of Engineering Technology,Technical,2022,current,School Requirements,00103375,Introduction to AI and Data Sciences,HTU,,40303130 & 00103110,6,73f333d7-5819-ed11-b847-00155d140b05_f6979bdb96b1410f9409d547020c9359.pdf
Energy Engineering,School of Engineering Technology,Technical,2022,current,School Requirements,30303111,Functional Math,HTU,,3030110,6,73f333d7-5819-ed11-b847-00155d140b05_f6979bdb96b1410f9409d547020c9359.pdf
Energy Engineering,School of Engineering Technology,Technical,2022,current,School Requirements,30303112,Functional Physics,HTU,,-,6,73f333d7-5819-ed11-b847-00155d140b05_f6979bdb96b1410f9409d547020c9359.pdf
Energy Engineering,School of Engineering Technology,Technical,2022,current,School Requirements,40303130,Fundamentals of Computing,HTU,,-,6,73f333d7-5819-ed11-b847-00155d140b05_f6979bdb96b1410f9409d547020c9359.pdf
Energy Engineering,School of Engineering Technology,Technical,2022,current,University Requirements,30301111,Arabic Language and communication skills,,,Arabic Placement test score ≥60 or 30301110,5,73f333d7-5819-ed11-b847-00155d140b05_f6979bdb96b1410f9409d547020c9359.pdf
Energy Engineering,School of Engineering Technology,Technical,2022,current,University Requirements,30301121,English Pre-intermediate intensive + Lab,,,30301120 Pre-Foundation English Elementary Intensive,5,73f333d7-5819-ed11-b847-00155d140b05_f6979bdb96b1410f9409d547020c9359.pdf
Energy Engineering,School of Engineering Technology,Technical,2022,current,University Requirements,30301122,English Intermediate,,,30301121,5,73f333d7-5819-ed11-b847-00155d140b05_f6979bdb96b1410f9409d547020c9359.pdf
Energy Engineering,School of Engineering Technology,Technical,2022,current,University Requirements,30301123,English Upper-Intermediate,,,30301122,5,73f333d7-5819-ed11-b847-00155d140b05_f6979bdb96b1410f9409d547020c9359.pdf
Energy Engineering,School of Engineering Technology,Technical,2022,current,University Requirements,30301130,Foundational French Language,,,-,5,73f333d7-5819-ed11-b847-00155d140b05_f6979bdb96b1410f9409d547020c9359.pdf
Energy Engineering,School of Engineering Technology,Technical,2022,current,University Requirements,30301131,French language Level 1,,,30301130,5,73f333d7-5819-ed11-b847-00155d140b05_f6979bdb96b1410f9409d547020c9359.pdf
Energy Engineering,School of Engineering Technology,Technical,2022,current,University Requirements,30301132,French Language Level 2,,,30301131,5,73f333d7-5819-ed11-b847-00155d140b05_f6979bdb96b1410f9409d547020c9359.pdf
Energy Engineering,School of Engineering Technology,Technical,2022,current,University Requirements,30301133,French Language Level 3,,,30301132,5,73f333d7-5819-ed11-b847-00155d140b05_f6979bdb96b1410f9409d547020c9359.pdf
Energy Engineering,School of Engineering Technology,Technical,2022,current,University Requirements,30301140,Foundational German Language,,,-,5,73f333d7-5819-ed11-b847-00155d140b05_f6979bdb96b1410f9409d547020c9359.pdf
Energy Engineering,School of Engineering Technology,Technical,2022,current,University Requirements,30301141,German Language level 1,,,30301140,5,73f333d7-5819-ed11-b847-00155d140b05_f6979bdb96b1410f9409d547020c9359.pdf
Energy Engineering,School of Engineering Technology,Technical,2022,current,University Requirements,30301160,Foundational Turkish Language,,,-,5,73f333d7-5819-ed11-b847-00155d140b05_f6979bdb96b1410f9409d547020c9359.pdf
Energy Engineering,School of Engineering Technology,Technical,2022,current,University Requirements,30301170,Foundational Italian Language,,,-,5,73f333d7-5819-ed11-b847-00155d140b05_f6979bdb96b1410f9409d547020c9359.pdf
Energy Engineering,School of Engineering Technology,Technical,2022,current,University Requirements,30301171,Italian language,,,-,5,73f333d7-5819-ed11-b847-00155d140b05_f6979bdb96b1410f9409d547020c9359.pdf
Energy Engineering,School of Engineering Technology,Technical,2022,current,University Requirements,30301180,Chinese 1,,,-,5,73f333d7-5819-ed11-b847-00155d140b05_f6979bdb96b1410f9409d547020c9359.pdf
Energy Engineering,School of Engineering Technology,Technical,2022,current,University Requirements,30301221,Development Academic Writing,,,30301124,5,73f333d7-5819-ed11-b847-00155d140b05_f6979bdb96b1410f9409d547020c9359.pdf
Energy Engineering,School of Engineering Technology,Technical,2022,current,University Requirements,30301222,Research and Technical Writing,,,30301124,5,73f333d7-5819-ed11-b847-00155d140b05_f6979bdb96b1410f9409d547020c9359.pdf
Energy Engineering,School of Engineering Technology,Technical,2022,current,University Requirements,30302121,Science & Society Seminar I: Arab Contributions to Science and Arts,,,-,5,73f333d7-5819-ed11-b847-00155d140b05_f6979bdb96b1410f9409d547020c9359.pdf
Energy Engineering,School of Engineering Technology,Technical,2022,current,University Requirements,30302122,Science & Society Seminar II: Philosophy of Science,,,-,5,73f333d7-5819-ed11-b847-00155d140b05_f6979bdb96b1410f9409d547020c9359.pdf
Energy Engineering,School of Engineering Technology,Technical,2022,current,University Requirements,30302123,Art Appreciation and Techniques,,,-,5,73f333d7-5819-ed11-b847-00155d140b05_f6979bdb96b1410f9409d547020c9359.pdf
Energy Engineering,School of Engineering Technology,Technical,2022,current,University Requirements,30302124,Civil & Professional Culture,,,-,5,73f333d7-5819-ed11-b847-00155d140b05_f6979bdb96b1410f9409d547020c9359.pdf
Energy Engineering,School of Engineering Technology,Technical,2022,current,University Requirements,30302129,Military Science,,,-,5,73f333d7-5819-ed11-b847-00155d140b05_f6979bdb96b1410f9409d547020c9359.pdf
Energy Engineering,School of Engineering Technology,Technical,2022,current,University Requirements,40302111,Professional Skills,,,-,5,73f333d7-5819-ed11-b847-00155d140b05_f6979bdb96b1410f9409d547020c9359.pdf
Energy Engineering,School of Engineering Technology,Technical,2022,current,University Requirements,40302112,Professional Practice,,,40302111,5,73f333d7-5819-ed11-b847-00155d140b05_f6979bdb96b1410f9409d547020c9359.pdf
Energy Engineering,School of Engineering Technology,Technical,2022,current,University Requirements,40302231,Entrepreneurship Boot camp,,,30301123 &40302211,5,73f333d7-5819-ed11-b847-00155d140b05_f6979bdb96b1410f9409d547020c9359.pdf
Game Design and Development,School of Computing and Informatics,Technician,,current,Study Plan,0000201120,Game Design,HTU ﻰﻟﻭﻻﺍ,3.0,,7,GameDesign_studyplan(2).pdf
Game Design and Development,School of Computing and Informatics,Technician,,current,Study Plan,0000201160,Creative Games Development,HTU ﻰﻟﻭﻻﺍ,3.0,201120 Game Design,7,GameDesign_studyplan(2).pdf
Game Design and Development,School of Computing and Informatics,Technician,,current,Study Plan,0000201262,Games Engine,HTU ﺔﻴﻧﺎﺜﻟﺍ,3.0,201160 Creative Games Development,7,GameDesign_studyplan(2).pdf
Game Design and Development,School of Computing and Informatics,Technician,,current,Study Plan,0000201263,Advanced Scripting for Games,HTU ﺔﻴﻧﺎﺜﻟﺍ,3.0,201262 Games Engine,7,GameDesign_studyplan(2).pdf
Game Design and Development,School of Computing and Informatics,Technician,,current,Study Plan,0000201264,Immersive Technology Development,HTU ﺔﻴﻧﺎﺜﻟﺍ,3.0,201262 Games Engine,7,GameDesign_studyplan(2).pdf
Game Design and Development,School of Computing and Informatics,Technician,,current,Study Plan,0000201270,Special Topics in Game Development,HTU ﺔﻴﻧﺎﺜﻟﺍ,3.0,201262 Games Engine,7,GameDesign_studyplan(2).pdf
Game Design and Development,School of Computing and Informatics,Technician,,current,Study Plan,0000201290,On -Job training HNC,HTU ﺔﻴﻧﺎﺜﻟﺍ,12.0,,6,GameDesign_studyplan(2).pdf
Game Design and Development,School of Computing and Informatics,Technician,,current,Study Plan,0000203280,Security,HNC ﺔﻴﻧﺎﺜﻟﺍ,3.0,40303130 Fundamentals of Computing,7,GameDesign_studyplan(2).pdf
Game Design and Development,School of Computing and Informatics,Technician,,current,Study Plan,0010203180,Networking,HNC ﻰﻟﻭﻻﺍ,3.0,40303130 Fundamentals of Computing,7,GameDesign_studyplan(2).pdf
Game Design and Development,School of Computing and Informatics,Technician,,current,Study Plan,0010204282,& Database Design Development,HNC ﺔﻴﻧﺎﺜﻟﺍ,3.0,40201100 Programming,7,GameDesign_studyplan(2).pdf
Game Design and Development,School of Computing and Informatics,Technician,,current,Study Plan,0030301110,Remedial Arabic Language,HTU ﻰﻟﻭﻻﺍ,3.0,,4,GameDesign_studyplan(2).pdf
Game Design and Development,School of Computing and Informatics,Technician,,current,Study Plan,0030301111,& Arabic Language Communication Skills,HTU ﻰﻟﻭﻻﺍ,1.0,30301110 Remedial Arabic Language,3,GameDesign_studyplan(2).pdf
Game Design and Development,School of Computing and Informatics,Technician,,current,Study Plan,0030301120,Pre-Foundation English Elementary Intensive + Lab,HTU ﻰﻟﻭﻻﺍ,4.0,,4,GameDesign_studyplan(2).pdf
Game Design and Development,School of Computing and Informatics,Technician,,current,Study Plan,0030301121,English Pre-Intermediate Intensive + Lab,HTU ﻰﻟﻭﻻﺍ,4.0,30301120 Pre-Foundation English Elementary Intensive + Lab,3,GameDesign_studyplan(2).pdf
Game Design and Development,School of Computing and Informatics,Technician,,current,Study Plan,0030301122,English Intermediate,HTU ﻰﻟﻭﻻﺍ,3.0,30301121 English Pre-Intermediate Intensive + Lab,3,GameDesign_studyplan(2).pdf
Game Design and Development,School of Computing and Informatics,Technician,,current,Study Plan,0030302129,Military Sciences,HTU ﻰﻟﻭﻻﺍ,1.0,,3,GameDesign_studyplan(2).pdf
Game Design and Development,School of Computing and Informatics,Technician,,current,Study Plan,0030303110,Remedial Math,HTU ﻰﻟﻭﻻﺍ,2.0,,4,GameDesign_studyplan(2).pdf
Game Design and Development,School of Computing and Informatics,Technician,,current,Study Plan,0030303111,Functional Math,HTU ﻰﻟﻭﻻﺍ,3.0,30303110 Remedial Math,5,GameDesign_studyplan(2).pdf
Game Design and Development,School of Computing and Informatics,Technician,,current,Study Plan,0040201100,Programming,HNC ﻰﻟﻭﻻﺍ,3.0,40303130 Fundamentals of Computing,5,GameDesign_studyplan(2).pdf
Game Design and Development,School of Computing and Informatics,Technician,,current,Study Plan,0040201220,Software Development Lifecycles,HNC ﺔﻴﻧﺎﺜﻟﺍ,3.0,40201100 Programming,7,GameDesign_studyplan(2).pdf
Game Design and Development,School of Computing and Informatics,Technician,,current,Study Plan,0040201260,& Website Design Development,HNC ﺔﻴﻧﺎﺜﻟﺍ,3.0,40201100 Programming,8,GameDesign_studyplan(2).pdf
Game Design and Development,School of Computing and Informatics,Technician,,current,Study Plan,0040201290,a Computing Project Planning,HNC ﺔﻴﻧﺎﺜﻟﺍ,4.0,40302211 Professional Practice,5,GameDesign_studyplan(2).pdf
Game Design and Development,School of Computing and Informatics,Technician,,current,Study Plan,0040302111,Professional Skills,HTU ﻰﻟﻭﻻﺍ,1.0,,3,GameDesign_studyplan(2).pdf
Game Design and Development,School of Computing and Informatics,Technician,,current,Study Plan,0040302211,Professional Practice,HNC ﺔﻴﻧﺎﺜﻟﺍ,3.0,30302111 ) I Soft Skills OR 40302111 ( Professional Skills AND 30301122 English Intermediate,5,GameDesign_studyplan(2).pdf
Game Design and Development,School of Computing and Informatics,Technician,,current,Study Plan,0040303121,Maths for Computing,HNC ﻰﻟﻭﻻﺍ,3.0,30303111 Functional Math,8,GameDesign_studyplan(2).pdf
Game Design and Development,School of Computing and Informatics,Technician,,current,Study Plan,0040303130,Fundamentals of Computing,HTU ﻰﻟﻭﻻﺍ,4.0,,5,GameDesign_studyplan(2).pdf
Industrial Engineering,School of Engineering Technology,BSc,,current,School Requirements,00101100,Introduction to Engineering Drawing,HTU,,-,5,73f333d7-5819-ed11-b847-00155d140b05_dfa802bd63304a1aa7176d91b73ea434.pdf
Industrial Engineering,School of Engineering Technology,BSc,,current,School Requirements,00101103,Workshop I,HTU,,-,5,73f333d7-5819-ed11-b847-00155d140b05_dfa802bd63304a1aa7176d91b73ea434.pdf
Industrial Engineering,School of Engineering Technology,BSc,,current,School Requirements,00101104,Workshop II,HTU,,00101103,5,73f333d7-5819-ed11-b847-00155d140b05_dfa802bd63304a1aa7176d91b73ea434.pdf
Industrial Engineering,School of Engineering Technology,BSc,,current,School Requirements,00101112,Engineering Design,HNC,,00101100,5,73f333d7-5819-ed11-b847-00155d140b05_dfa802bd63304a1aa7176d91b73ea434.pdf
Industrial Engineering,School of Engineering Technology,BSc,,current,School Requirements,00102102,STEM Lab II,HTU,,00103101,5,73f333d7-5819-ed11-b847-00155d140b05_dfa802bd63304a1aa7176d91b73ea434.pdf
Industrial Engineering,School of Engineering Technology,BSc,,current,School Requirements,00102111,Engineering Science,HNC,,30303112,5,73f333d7-5819-ed11-b847-00155d140b05_dfa802bd63304a1aa7176d91b73ea434.pdf
Industrial Engineering,School of Engineering Technology,BSc,,current,School Requirements,00102220,Managing a Professional,HNC,,00101112,5,73f333d7-5819-ed11-b847-00155d140b05_dfa802bd63304a1aa7176d91b73ea434.pdf
Industrial Engineering,School of Engineering Technology,BSc,,current,School Requirements,00102522,Maintenance Engineering,,,,7,73f333d7-5819-ed11-b847-00155d140b05_dfa802bd63304a1aa7176d91b73ea434.pdf
Industrial Engineering,School of Engineering Technology,BSc,,current,School Requirements,00102523,"Health, Safety and Environment",,,,7,73f333d7-5819-ed11-b847-00155d140b05_dfa802bd63304a1aa7176d91b73ea434.pdf
Industrial Engineering,School of Engineering Technology,BSc,,current,School Requirements,00103101,STEM Lab I,HTU,,-,5,73f333d7-5819-ed11-b847-00155d140b05_dfa802bd63304a1aa7176d91b73ea434.pdf
Industrial Engineering,School of Engineering Technology,BSc,,current,School Requirements,00103110,Engineering Math,HNC,,30303111,5,73f333d7-5819-ed11-b847-00155d140b05_dfa802bd63304a1aa7176d91b73ea434.pdf
Industrial Engineering,School of Engineering Technology,BSc,,current,School Requirements,00103383,Programming Logic Controllers,,,,7,73f333d7-5819-ed11-b847-00155d140b05_dfa802bd63304a1aa7176d91b73ea434.pdf
Industrial Engineering,School of Engineering Technology,BSc,,current,School Requirements,00103555,Industrial Robotics,,,,7,73f333d7-5819-ed11-b847-00155d140b05_dfa802bd63304a1aa7176d91b73ea434.pdf
Industrial Engineering,School of Engineering Technology,BSc,,current,School Requirements,00106200,Intro to AI and Data Science,HTU,,40303130 & 00103110,5,73f333d7-5819-ed11-b847-00155d140b05_dfa802bd63304a1aa7176d91b73ea434.pdf
Industrial Engineering,School of Engineering Technology,BSc,,current,School Requirements,00106503,Machine Learning Operations,,,,7,73f333d7-5819-ed11-b847-00155d140b05_dfa802bd63304a1aa7176d91b73ea434.pdf
Industrial Engineering,School of Engineering Technology,BSc,,current,School Requirements,00106504,Special Topics in Industrial Engineering,,,,7,73f333d7-5819-ed11-b847-00155d140b05_dfa802bd63304a1aa7176d91b73ea434.pdf
Industrial Engineering,School of Engineering Technology,BSc,,current,School Requirements,00106513,Special Topics in Optimization and Decision Making,,,,7,73f333d7-5819-ed11-b847-00155d140b05_dfa802bd63304a1aa7176d91b73ea434.pdf
Industrial Engineering,School of Engineering Technology,BSc,,current,School Requirements,00106524,"Supply Chain Risk, Disruption, and Resilience",,,,7,73f333d7-5819-ed11-b847-00155d140b05_dfa802bd63304a1aa7176d91b73ea434.pdf
Industrial Engineering,School of Engineering Technology,BSc,,current,School Requirements,00106525,Supply Chain Technologies,,,,7,73f333d7-5819-ed11-b847-00155d140b05_dfa802bd63304a1aa7176d91b73ea434.pdf
Industrial Engineering,School of Engineering Technology,BSc,,current,School Requirements,00106526,E-commerce and Omni-channel Logistics,,,,7,73f333d7-5819-ed11-b847-00155d140b05_dfa802bd63304a1aa7176d91b73ea434.pdf
Industrial Engineering,School of Engineering Technology,BSc,,current,School Requirements,00106533,Industrial Engineering application in healthcare,,,,7,73f333d7-5819-ed11-b847-00155d140b05_dfa802bd63304a1aa7176d91b73ea434.pdf
Industrial Engineering,School of Engineering Technology,BSc,,current,School Requirements,00106550,Ergonomics,,,,7,73f333d7-5819-ed11-b847-00155d140b05_dfa802bd63304a1aa7176d91b73ea434.pdf
Industrial Engineering,School of Engineering Technology,BSc,,current,School Requirements,00106562,Business and Labor Law,,,,7,73f333d7-5819-ed11-b847-00155d140b05_dfa802bd63304a1aa7176d91b73ea434.pdf
Industrial Engineering,School of Engineering Technology,BSc,,current,School Requirements,00106563,Principles of Sales and Marketing,,,,7,73f333d7-5819-ed11-b847-00155d140b05_dfa802bd63304a1aa7176d91b73ea434.pdf
Industrial Engineering,School of Engineering Technology,BSc,,current,School Requirements,00106570,Introduction to electronics manufacturing,,,,7,73f333d7-5819-ed11-b847-00155d140b05_dfa802bd63304a1aa7176d91b73ea434.pdf
Industrial Engineering,School of Engineering Technology,BSc,,current,School Requirements,30303111,Functional Math,HTU,,Placement test,5,73f333d7-5819-ed11-b847-00155d140b05_dfa802bd63304a1aa7176d91b73ea434.pdf
Industrial Engineering,School of Engineering Technology,BSc,,current,School Requirements,30303112,Functional Physics,HTU,,-,5,73f333d7-5819-ed11-b847-00155d140b05_dfa802bd63304a1aa7176d91b73ea434.pdf
Industrial Engineering,School of Engineering Technology,BSc,,current,School Requirements,40303130,Fundamentals of Computing,HTU,,-,5,73f333d7-5819-ed11-b847-00155d140b05_dfa802bd63304a1aa7176d91b73ea434.pdf
Industrial Engineering,School of Engineering Technology,BSc,,current,University Requirements,30301121,Pre-Intermediate English Intensive + Lab,,4,30301120 Pre-Foundation English Elementary Intensive,3,73f333d7-5819-ed11-b847-00155d140b05_dfa802bd63304a1aa7176d91b73ea434.pdf
Industrial Engineering,School of Engineering Technology,BSc,,current,University Requirements,30301122,English Intermediate,,3,30301121,3,73f333d7-5819-ed11-b847-00155d140b05_dfa802bd63304a1aa7176d91b73ea434.pdf
Industrial Engineering,School of Engineering Technology,BSc,,current,University Requirements,30301123,English Upper-Intermediate,,3,30301122,3,73f333d7-5819-ed11-b847-00155d140b05_dfa802bd63304a1aa7176d91b73ea434.pdf
Industrial Engineering,School of Engineering Technology,BSc,,current,University Requirements,30301124,English Advanced,,3,30301123,3,73f333d7-5819-ed11-b847-00155d140b05_dfa802bd63304a1aa7176d91b73ea434.pdf
Industrial Engineering,School of Engineering Technology,BSc,,current,University Requirements,30301130,Foundational French Language,,1,-,4,73f333d7-5819-ed11-b847-00155d140b05_dfa802bd63304a1aa7176d91b73ea434.pdf
Industrial Engineering,School of Engineering Technology,BSc,,current,University Requirements,30301131,French Language Level 1,,1,30301130,4,73f333d7-5819-ed11-b847-00155d140b05_dfa802bd63304a1aa7176d91b73ea434.pdf
Industrial Engineering,School of Engineering Technology,BSc,,current,University Requirements,30301140,Foundational German Language,,1,-,4,73f333d7-5819-ed11-b847-00155d140b05_dfa802bd63304a1aa7176d91b73ea434.pdf
Industrial Engineering,School of Engineering Technology,BSc,,current,University Requirements,30301141,German Language level 1,,1,30301140,4,73f333d7-5819-ed11-b847-00155d140b05_dfa802bd63304a1aa7176d91b73ea434.pdf
Industrial Engineering,School of Engineering Technology,BSc,,current,University Requirements,30301150,Foundational Spanish Language,,1,-,4,73f333d7-5819-ed11-b847-00155d140b05_dfa802bd63304a1aa7176d91b73ea434.pdf
Industrial Engineering,School of Engineering Technology,BSc,,current,University Requirements,30301160,Foundational Turkish Language,,1,-,4,73f333d7-5819-ed11-b847-00155d140b05_dfa802bd63304a1aa7176d91b73ea434.pdf
Industrial Engineering,School of Engineering Technology,BSc,,current,University Requirements,30301170,Foundational Italian Language,,1,0,4,73f333d7-5819-ed11-b847-00155d140b05_dfa802bd63304a1aa7176d91b73ea434.pdf
Industrial Engineering,School of Engineering Technology,BSc,,current,University Requirements,30301171,Italian Language,,1,30301170,4,73f333d7-5819-ed11-b847-00155d140b05_dfa802bd63304a1aa7176d91b73ea434.pdf
Industrial Engineering,School of Engineering Technology,BSc,,current,University Requirements,30301180,Chinese 1,,1,0,4,73f333d7-5819-ed11-b847-00155d140b05_dfa802bd63304a1aa7176d91b73ea434.pdf
Industrial Engineering,School of Engineering Technology,BSc,,current,University Requirements,30301221,Development Academic Writing,,1,30301124,4,73f333d7-5819-ed11-b847-00155d140b05_dfa802bd63304a1aa7176d91b73ea434.pdf
Industrial Engineering,School of Engineering Technology,BSc,,current,University Requirements,30301222,Research and Technical Writing,,1,30301124,4,73f333d7-5819-ed11-b847-00155d140b05_dfa802bd63304a1aa7176d91b73ea434.pdf
Industrial Engineering,School of Engineering Technology,BSc,,current,University Requirements,30301232,French Language Level 2,,1,30301131,4,73f333d7-5819-ed11-b847-00155d140b05_dfa802bd63304a1aa7176d91b73ea434.pdf
Industrial Engineering,School of Engineering Technology,BSc,,current,University Requirements,30301233,French Language Level 3,,1,30301232,4,73f333d7-5819-ed11-b847-00155d140b05_dfa802bd63304a1aa7176d91b73ea434.pdf
Industrial Engineering,School of Engineering Technology,BSc,,current,University Requirements,30302121,Science & Society Seminar I: Arab Contributions to Science and Arts,,1,-,4,73f333d7-5819-ed11-b847-00155d140b05_dfa802bd63304a1aa7176d91b73ea434.pdf
Industrial Engineering,School of Engineering Technology,BSc,,current,University Requirements,30302122,Science & Society Seminar II: Philosophy of Science,,1,-,4,73f333d7-5819-ed11-b847-00155d140b05_dfa802bd63304a1aa7176d91b73ea434.pdf
Industrial Engineering,School of Engineering Technology,BSc,,current,University Requirements,30302123,Art Appreciation and Techniques,,1,-,4,73f333d7-5819-ed11-b847-00155d140b05_dfa802bd63304a1aa7176d91b73ea434.pdf
Industrial Engineering,School of Engineering Technology,BSc,,current,University Requirements,30302124,Civil & Professional Culture,,1,-,4,73f333d7-5819-ed11-b847-00155d140b05_dfa802bd63304a1aa7176d91b73ea434.pdf
Industrial Engineering,School of Engineering Technology,BSc,,current,University Requirements,30302125,Rights and Responsibilities: Understanding Human Rights,,1,-,4,73f333d7-5819-ed11-b847-00155d140b05_dfa802bd63304a1aa7176d91b73ea434.pdf
Industrial Engineering,School of Engineering Technology,BSc,,current,University Requirements,30302126,Introduction to cultural Anthropology-Focus on Urban Anthropology,,1,-,4,73f333d7-5819-ed11-b847-00155d140b05_dfa802bd63304a1aa7176d91b73ea434.pdf
Industrial Engineering,School of Engineering Technology,BSc,,current,University Requirements,30302127,"Jerusalem, History and Civilization",,1,-,4,73f333d7-5819-ed11-b847-00155d140b05_dfa802bd63304a1aa7176d91b73ea434.pdf
Industrial Engineering,School of Engineering Technology,BSc,,current,University Requirements,30302128,Jordan: History and Civilization,,1,-,4,73f333d7-5819-ed11-b847-00155d140b05_dfa802bd63304a1aa7176d91b73ea434.pdf
Industrial Engineering,School of Engineering Technology,BSc,,current,University Requirements,30302133,Principles of Management,,1,-,4,73f333d7-5819-ed11-b847-00155d140b05_dfa802bd63304a1aa7176d91b73ea434.pdf
Industrial Engineering,School of Engineering Technology,BSc,,current,University Requirements,30302134,Strategies for Industry Competitiveness: Tools & Techniques,,1,-,4,73f333d7-5819-ed11-b847-00155d140b05_dfa802bd63304a1aa7176d91b73ea434.pdf
Industrial Engineering,School of Engineering Technology,BSc,,current,University Requirements,30302135,Principles of Accounting,,1,-,4,73f333d7-5819-ed11-b847-00155d140b05_dfa802bd63304a1aa7176d91b73ea434.pdf
Industrial Engineering,School of Engineering Technology,BSc,,current,University Requirements,30302136,Principles of Economics,,1,-,4,73f333d7-5819-ed11-b847-00155d140b05_dfa802bd63304a1aa7176d91b73ea434.pdf
Industrial Engineering,School of Engineering Technology,BSc,,current,University Requirements,40302111,Professional Skills,,1,-,3,73f333d7-5819-ed11-b847-00155d140b05_dfa802bd63304a1aa7176d91b73ea434.pdf
Industrial Engineering,School of Engineering Technology,Technical,,current,School Requirements,00101100,Introduction to Engineering Drawing,HTU,,-,5,73f333d7-5819-ed11-b847-00155d140b05_4d459081a0444778a3f176d714b3c201.pdf
Industrial Engineering,School of Engineering Technology,Technical,,current,School Requirements,00101103,Workshop I,HTU,,-,5,73f333d7-5819-ed11-b847-00155d140b05_4d459081a0444778a3f176d714b3c201.pdf
Industrial Engineering,School of Engineering Technology,Technical,,current,School Requirements,00101104,Workshop II,HTU,,00101103,5,73f333d7-5819-ed11-b847-00155d140b05_4d459081a0444778a3f176d714b3c201.pdf
Industrial Engineering,School of Engineering Technology,Technical,,current,School Requirements,00101112,Engineering Design,HNC,,00101100,5,73f333d7-5819-ed11-b847-00155d140b05_4d459081a0444778a3f176d714b3c201.pdf
Industrial Engineering,School of Engineering Technology,Technical,,current,School Requirements,00102102,STEM Lab II,HTU,,00103101,5,73f333d7-5819-ed11-b847-00155d140b05_4d459081a0444778a3f176d714b3c201.pdf
Industrial Engineering,School of Engineering Technology,Technical,,current,School Requirements,00102111,Engineering Science,HNC,,30303112,5,73f333d7-5819-ed11-b847-00155d140b05_4d459081a0444778a3f176d714b3c201.pdf
Industrial Engineering,School of Engineering Technology,Technical,,current,School Requirements,00102220,Managing a Professional,HNC,,00101112,5,73f333d7-5819-ed11-b847-00155d140b05_4d459081a0444778a3f176d714b3c201.pdf
Industrial Engineering,School of Engineering Technology,Technical,,current,School Requirements,00103101,STEM Lab I,HTU,,-,5,73f333d7-5819-ed11-b847-00155d140b05_4d459081a0444778a3f176d714b3c201.pdf
Industrial Engineering,School of Engineering Technology,Technical,,current,School Requirements,00103110,Engineering Math,HNC,,30303111,5,73f333d7-5819-ed11-b847-00155d140b05_4d459081a0444778a3f176d714b3c201.pdf
Industrial Engineering,School of Engineering Technology,Technical,,current,School Requirements,00106200,Intro to AI and Data Science,HTU,,40303130 & 00103110,5,73f333d7-5819-ed11-b847-00155d140b05_4d459081a0444778a3f176d714b3c201.pdf
Industrial Engineering,School of Engineering Technology,Technical,,current,School Requirements,30303111,Functional Math,HTU,,Placement test,5,73f333d7-5819-ed11-b847-00155d140b05_4d459081a0444778a3f176d714b3c201.pdf
Industrial Engineering,School of Engineering Technology,Technical,,current,School Requirements,30303112,Functional Physics,HTU,,-,5,73f333d7-5819-ed11-b847-00155d140b05_4d459081a0444778a3f176d714b3c201.pdf
Industrial Engineering,School of Engineering Technology,Technical,,current,School Requirements,40303130,Fundamentals of Computing,HTU,,-,5,73f333d7-5819-ed11-b847-00155d140b05_4d459081a0444778a3f176d714b3c201.pdf
Industrial Engineering,School of Engineering Technology,Technical,,current,University Requirements,30301121,Pre-Intermediate English Intensive + Lab,,4,30301120 Pre-Foundation English Elementary Intensive,3,73f333d7-5819-ed11-b847-00155d140b05_4d459081a0444778a3f176d714b3c201.pdf
Industrial Engineering,School of Engineering Technology,Technical,,current,University Requirements,30301122,English Intermediate,,3,30301121,3,73f333d7-5819-ed11-b847-00155d140b05_4d459081a0444778a3f176d714b3c201.pdf
Industrial Engineering,School of Engineering Technology,Technical,,current,University Requirements,30301123,English Upper-Intermediate,,3,30301122,3,73f333d7-5819-ed11-b847-00155d140b05_4d459081a0444778a3f176d714b3c201.pdf
Industrial Engineering,School of Engineering Technology,Technical,,current,University Requirements,30301130,Foundational French Language,,1,-,4,73f333d7-5819-ed11-b847-00155d140b05_4d459081a0444778a3f176d714b3c201.pdf
Industrial Engineering,School of Engineering Technology,Technical,,current,University Requirements,30301131,French Language Level 1,,1,30301130,4,73f333d7-5819-ed11-b847-00155d140b05_4d459081a0444778a3f176d714b3c201.pdf
Industrial Engineering,School of Engineering Technology,Technical,,current,University Requirements,30301140,Foundational German Language,,1,-,4,73f333d7-5819-ed11-b847-00155d140b05_4d459081a0444778a3f176d714b3c201.pdf
Industrial Engineering,School of Engineering Technology,Technical,,current,University Requirements,30301141,German Language level 1,,1,30301140,4,73f333d7-5819-ed11-b847-00155d140b05_4d459081a0444778a3f176d714b3c201.pdf
Industrial Engineering,School of Engineering Technology,Technical,,current,University Requirements,30301150,Foundational Spanish Language,,1,-,4,73f333d7-5819-ed11-b847-00155d140b05_4d459081a0444778a3f176d714b3c201.pdf
Industrial Engineering,School of Engineering Technology,Technical,,current,University Requirements,30301160,Foundational Turkish Language,,1,-,4,73f333d7-5819-ed11-b847-00155d140b05_4d459081a0444778a3f176d714b3c201.pdf
Industrial Engineering,School of Engineering Technology,Technical,,current,University Requirements,30301170,Foundational Italian Language,,1,0,4,73f333d7-5819-ed11-b847-00155d140b05_4d459081a0444778a3f176d714b3c201.pdf
Industrial Engineering,School of Engineering Technology,Technical,,current,University Requirements,30301171,Italian Language,,1,30301170,4,73f333d7-5819-ed11-b847-00155d140b05_4d459081a0444778a3f176d714b3c201.pdf
Industrial Engineering,School of Engineering Technology,Technical,,current,University Requirements,30301180,Chinese 1,,1,0,4,73f333d7-5819-ed11-b847-00155d140b05_4d459081a0444778a3f176d714b3c201.pdf
Industrial Engineering,School of Engineering Technology,Technical,,current,University Requirements,30301221,Development Academic Writing,,1,30301124,4,73f333d7-5819-ed11-b847-00155d140b05_4d459081a0444778a3f176d714b3c201.pdf
Industrial Engineering,School of Engineering Technology,Technical,,current,University Requirements,30301222,Research and Technical Writing,,1,30301124,4,73f333d7-5819-ed11-b847-00155d140b05_4d459081a0444778a3f176d714b3c201.pdf
Industrial Engineering,School of Engineering Technology,Technical,,current,University Requirements,30301232,French Language Level 2,,1,30301131,4,73f333d7-5819-ed11-b847-00155d140b05_4d459081a0444778a3f176d714b3c201.pdf
Industrial Engineering,School of Engineering Technology,Technical,,current,University Requirements,30301233,French Language Level 3,,1,30301232,4,73f333d7-5819-ed11-b847-00155d140b05_4d459081a0444778a3f176d714b3c201.pdf
Industrial Engineering,School of Engineering Technology,Technical,,current,University Requirements,30302121,Science & Society Seminar I: Arab Contributions to Science and Arts,,1,-,4,73f333d7-5819-ed11-b847-00155d140b05_4d459081a0444778a3f176d714b3c201.pdf
Industrial Engineering,School of Engineering Technology,Technical,,current,University Requirements,30302122,Science & Society Seminar II: Philosophy of Science,,1,-,4,73f333d7-5819-ed11-b847-00155d140b05_4d459081a0444778a3f176d714b3c201.pdf
Industrial Engineering,School of Engineering Technology,Technical,,current,University Requirements,30302123,Art Appreciation and Techniques,,1,-,4,73f333d7-5819-ed11-b847-00155d140b05_4d459081a0444778a3f176d714b3c201.pdf
Industrial Engineering,School of Engineering Technology,Technical,,current,University Requirements,30302124,Civil & Professional Culture,,1,-,4,73f333d7-5819-ed11-b847-00155d140b05_4d459081a0444778a3f176d714b3c201.pdf
Industrial Engineering,School of Engineering Technology,Technical,,current,University Requirements,30302125,Rights and Responsibilities: Understanding Human Rights,,1,-,4,73f333d7-5819-ed11-b847-00155d140b05_4d459081a0444778a3f176d714b3c201.pdf
Industrial Engineering,School of Engineering Technology,Technical,,current,University Requirements,30302126,Introduction to cultural Anthropology-Focus on Urban Anthropology,,1,-,4,73f333d7-5819-ed11-b847-00155d140b05_4d459081a0444778a3f176d714b3c201.pdf
Industrial Engineering,School of Engineering Technology,Technical,,current,University Requirements,30302127,"Jerusalem, History and Civilization",,1,-,4,73f333d7-5819-ed11-b847-00155d140b05_4d459081a0444778a3f176d714b3c201.pdf
Industrial Engineering,School of Engineering Technology,Technical,,current,University Requirements,30302128,Jordan: History and Civilization,,1,-,4,73f333d7-5819-ed11-b847-00155d140b05_4d459081a0444778a3f176d714b3c201.pdf
Industrial Engineering,School of Engineering Technology,Technical,,current,University Requirements,30302133,Principles of Management,,1,-,4,73f333d7-5819-ed11-b847-00155d140b05_4d459081a0444778a3f176d714b3c201.pdf
Industrial Engineering,School of Engineering Technology,Technical,,current,University Requirements,30302134,Strategies for Industry Competitiveness: Tools & Techniques,,1,-,4,73f333d7-5819-ed11-b847-00155d140b05_4d459081a0444778a3f176d714b3c201.pdf
Industrial Engineering,School of Engineering Technology,Technical,,current,University Requirements,30302135,Principles of Accounting,,1,-,4,73f333d7-5819-ed11-b847-00155d140b05_4d459081a0444778a3f176d714b3c201.pdf
Industrial Engineering,School of Engineering Technology,Technical,,current,University Requirements,30302136,Principles of Economics,,1,-,4,73f333d7-5819-ed11-b847-00155d140b05_4d459081a0444778a3f176d714b3c201.pdf
Industrial Engineering,School of Engineering Technology,Technical,,current,University Requirements,30302237,Free Choice Elective,,1,-,4,73f333d7-5819-ed11-b847-00155d140b05_4d459081a0444778a3f176d714b3c201.pdf
Industrial Engineering,School of Engineering Technology,Technical,,current,University Requirements,40302111,Professional Skills,,1,-,3,73f333d7-5819-ed11-b847-00155d140b05_4d459081a0444778a3f176d714b3c201.pdf
Industrial Engineering,School of Engineering Technology,Technical,,current,University Requirements,40302211,Professional Practice,,3,40302111,3,73f333d7-5819-ed11-b847-00155d140b05_4d459081a0444778a3f176d714b3c201.pdf
Industrial Engineering,School of Engineering Technology,Technical,,current,University Requirements,40302231,Entrepreneurship Bootcamp,,4,30301123 & 40302211,3,73f333d7-5819-ed11-b847-00155d140b05_4d459081a0444778a3f176d714b3c201.pdf
Industrial Engineering,School of Engineering Technology,Technical,,current,University Requirements,40302233,Business Analytics,,1,-,4,73f333d7-5819-ed11-b847-00155d140b05_4d459081a0444778a3f176d714b3c201.pdf
Mechanical Engineering,School of Engineering Technology,BSc,"2022, version Jan. 2025",current,School Requirements,00101100,Introduction to Engineering Drawing,HTU,,-,6,3c891da3-1138-eb11-9240-00155d404d09_fa9e0e99ae774274bc84a8ca9fd349d4.pdf
Mechanical Engineering,School of Engineering Technology,BSc,"2022, version Jan. 2025",current,School Requirements,00101103,Workshop I,HTU,,-,6,3c891da3-1138-eb11-9240-00155d404d09_fa9e0e99ae774274bc84a8ca9fd349d4.pdf
Mechanical Engineering,School of Engineering Technology,BSc,"2022, version Jan. 2025",current,School Requirements,00101104,Workshop II,HTU,,00101103,6,3c891da3-1138-eb11-9240-00155d404d09_fa9e0e99ae774274bc84a8ca9fd349d4.pdf
Mechanical Engineering,School of Engineering Technology,BSc,"2022, version Jan. 2025",current,School Requirements,00101112,Engineering Design,HNC,,00101100,6,3c891da3-1138-eb11-9240-00155d404d09_fa9e0e99ae774274bc84a8ca9fd349d4.pdf
Mechanical Engineering,School of Engineering Technology,BSc,"2022, version Jan. 2025",current,School Requirements,00101205,Advanced Workshop for Mechanical Engineering,HTU,,00101104,7,3c891da3-1138-eb11-9240-00155d404d09_fa9e0e99ae774274bc84a8ca9fd349d4.pdf
Mechanical Engineering,School of Engineering Technology,BSc,"2022, version Jan. 2025",current,School Requirements,00101230,Mechanical Principles,HNC,,30303112,7,3c891da3-1138-eb11-9240-00155d404d09_fa9e0e99ae774274bc84a8ca9fd349d4.pdf
Mechanical Engineering,School of Engineering Technology,BSc,"2022, version Jan. 2025",current,School Requirements,00101231,Dynamics and Vibrations,HTU,,00101230,7,3c891da3-1138-eb11-9240-00155d404d09_fa9e0e99ae774274bc84a8ca9fd349d4.pdf
Mechanical Engineering,School of Engineering Technology,BSc,"2022, version Jan. 2025",current,School Requirements,00101240,Fundamentals of Thermodynamics and Heat Engines,HNC,,00102111,7,3c891da3-1138-eb11-9240-00155d404d09_fa9e0e99ae774274bc84a8ca9fd349d4.pdf
Mechanical Engineering,School of Engineering Technology,BSc,"2022, version Jan. 2025",current,School Requirements,00101241,Fluid Mechanics,HNC,,00102111,7,3c891da3-1138-eb11-9240-00155d404d09_fa9e0e99ae774274bc84a8ca9fd349d4.pdf
Mechanical Engineering,School of Engineering Technology,BSc,"2022, version Jan. 2025",current,School Requirements,00101260,"Materials, Properties and Testing",HNC,,00102111,7,3c891da3-1138-eb11-9240-00155d404d09_fa9e0e99ae774274bc84a8ca9fd349d4.pdf
Mechanical Engineering,School of Engineering Technology,BSc,"2022, version Jan. 2025",current,School Requirements,00101291,Apprenticeship for Mechanical Engineering I,HTU,,,9,3c891da3-1138-eb11-9240-00155d404d09_fa9e0e99ae774274bc84a8ca9fd349d4.pdf
Mechanical Engineering,School of Engineering Technology,BSc,"2022, version Jan. 2025",current,School Requirements,00101332,Advanced Mechanical Principles,HND,,00101230,7,3c891da3-1138-eb11-9240-00155d404d09_fa9e0e99ae774274bc84a8ca9fd349d4.pdf
Mechanical Engineering,School of Engineering Technology,BSc,"2022, version Jan. 2025",current,School Requirements,00101343,Further Thermodynamics,HND,,00101240,7,3c891da3-1138-eb11-9240-00155d404d09_fa9e0e99ae774274bc84a8ca9fd349d4.pdf
Mechanical Engineering,School of Engineering Technology,BSc,"2022, version Jan. 2025",current,School Requirements,00101345,"Heating, Ventilation and Air Conditioning (HVAC)",HTU,,00101343,7,3c891da3-1138-eb11-9240-00155d404d09_fa9e0e99ae774274bc84a8ca9fd349d4.pdf
Mechanical Engineering,School of Engineering Technology,BSc,"2022, version Jan. 2025",current,School Requirements,00101351,Virtual Engineering,HND,,00101332 and 00103213,7,3c891da3-1138-eb11-9240-00155d404d09_fa9e0e99ae774274bc84a8ca9fd349d4.pdf
Mechanical Engineering,School of Engineering Technology,BSc,"2022, version Jan. 2025",current,School Requirements,00101361,Manufacturing Processes,HTU,,00101260,7,3c891da3-1138-eb11-9240-00155d404d09_fa9e0e99ae774274bc84a8ca9fd349d4.pdf
Mechanical Engineering,School of Engineering Technology,BSc,"2022, version Jan. 2025",current,School Requirements,00101362,Advanced Manufacturing Technology,HND,,00101361,7,3c891da3-1138-eb11-9240-00155d404d09_fa9e0e99ae774274bc84a8ca9fd349d4.pdf
Mechanical Engineering,School of Engineering Technology,BSc,"2022, version Jan. 2025",current,School Requirements,00101392,Apprenticeship for Mechanical Engineering II,HTU,,,9,3c891da3-1138-eb11-9240-00155d404d09_fa9e0e99ae774274bc84a8ca9fd349d4.pdf
Mechanical Engineering,School of Engineering Technology,BSc,"2022, version Jan. 2025",current,School Requirements,00101393,Apprenticeship for Mechanical Engineering III,HTU,,,9,3c891da3-1138-eb11-9240-00155d404d09_fa9e0e99ae774274bc84a8ca9fd349d4.pdf
Mechanical Engineering,School of Engineering Technology,BSc,"2022, version Jan. 2025",current,School Requirements,00101442,Heat and Mass Transfer,HTU,,00101240,7,3c891da3-1138-eb11-9240-00155d404d09_fa9e0e99ae774274bc84a8ca9fd349d4.pdf
Mechanical Engineering,School of Engineering Technology,BSc,"2022, version Jan. 2025",current,School Requirements,00101490,Research Project for Mechanical Engineering,HND,,>90 C.Hs,7,3c891da3-1138-eb11-9240-00155d404d09_fa9e0e99ae774274bc84a8ca9fd349d4.pdf
Mechanical Engineering,School of Engineering Technology,BSc,"2022, version Jan. 2025",current,School Requirements,00101533,Pneumatics and Hydraulic Systems,HTU,,00101241,8,3c891da3-1138-eb11-9240-00155d404d09_fa9e0e99ae774274bc84a8ca9fd349d4.pdf
Mechanical Engineering,School of Engineering Technology,BSc,"2022, version Jan. 2025",current,School Requirements,00101534,Robotic Systems in Engineering,HTU,,00103230,8,3c891da3-1138-eb11-9240-00155d404d09_fa9e0e99ae774274bc84a8ca9fd349d4.pdf
Mechanical Engineering,School of Engineering Technology,BSc,"2022, version Jan. 2025",current,School Requirements,00101535,Mechatronics,HTU,,00103230,8,3c891da3-1138-eb11-9240-00155d404d09_fa9e0e99ae774274bc84a8ca9fd349d4.pdf
Mechanical Engineering,School of Engineering Technology,BSc,"2022, version Jan. 2025",current,School Requirements,00101537,Spacecraft Systems and Design,HTU,,>100 Cr. Hrs.,8,3c891da3-1138-eb11-9240-00155d404d09_fa9e0e99ae774274bc84a8ca9fd349d4.pdf
Mechanical Engineering,School of Engineering Technology,BSc,"2022, version Jan. 2025",current,School Requirements,00101544,Advanced Heat and Mass Transfer,HTU,,00101442,8,3c891da3-1138-eb11-9240-00155d404d09_fa9e0e99ae774274bc84a8ca9fd349d4.pdf
Mechanical Engineering,School of Engineering Technology,BSc,"2022, version Jan. 2025",current,School Requirements,00101546,"Advances in Heating, Ventilation and Air Conditioning",HTU,,00101345,8,3c891da3-1138-eb11-9240-00155d404d09_fa9e0e99ae774274bc84a8ca9fd349d4.pdf
Mechanical Engineering,School of Engineering Technology,BSc,"2022, version Jan. 2025",current,School Requirements,00101552,Modelling and Simulation for Engineers,HTU,,00101351,7,3c891da3-1138-eb11-9240-00155d404d09_fa9e0e99ae774274bc84a8ca9fd349d4.pdf
Mechanical Engineering,School of Engineering Technology,BSc,"2022, version Jan. 2025",current,School Requirements,00101554,Special Topic in Mechanical Engineering,HTU,,Department Approval,8,3c891da3-1138-eb11-9240-00155d404d09_fa9e0e99ae774274bc84a8ca9fd349d4.pdf
Mechanical Engineering,School of Engineering Technology,BSc,"2022, version Jan. 2025",current,School Requirements,00101555,Special Topic in Mechanical Engineering 1,HTU,,Department Approval,8,3c891da3-1138-eb11-9240-00155d404d09_fa9e0e99ae774274bc84a8ca9fd349d4.pdf
Mechanical Engineering,School of Engineering Technology,BSc,"2022, version Jan. 2025",current,School Requirements,00101556,Special Topic in Mechanical Engineering 2,HTU,,Department Approval,8,3c891da3-1138-eb11-9240-00155d404d09_fa9e0e99ae774274bc84a8ca9fd349d4.pdf
Mechanical Engineering,School of Engineering Technology,BSc,"2022, version Jan. 2025",current,School Requirements,00101557,Machine Design,HTU,,00101230,7,3c891da3-1138-eb11-9240-00155d404d09_fa9e0e99ae774274bc84a8ca9fd349d4.pdf
Mechanical Engineering,School of Engineering Technology,BSc,"2022, version Jan. 2025",current,School Requirements,00101563,Digital and Additive Manufacturing,HTU,,00101361,8,3c891da3-1138-eb11-9240-00155d404d09_fa9e0e99ae774274bc84a8ca9fd349d4.pdf
Mechanical Engineering,School of Engineering Technology,BSc,"2022, version Jan. 2025",current,School Requirements,00101564,Advanced Materials,HTU,,00101260,8,3c891da3-1138-eb11-9240-00155d404d09_fa9e0e99ae774274bc84a8ca9fd349d4.pdf
Mechanical Engineering,School of Engineering Technology,BSc,"2022, version Jan. 2025",current,School Requirements,00101565,Composite Materials,HTU,,00101260,8,3c891da3-1138-eb11-9240-00155d404d09_fa9e0e99ae774274bc84a8ca9fd349d4.pdf
Mechanical Engineering,School of Engineering Technology,BSc,"2022, version Jan. 2025",current,School Requirements,00101570,Building Services,HTU,,00101240,8,3c891da3-1138-eb11-9240-00155d404d09_fa9e0e99ae774274bc84a8ca9fd349d4.pdf
Mechanical Engineering,School of Engineering Technology,BSc,"2022, version Jan. 2025",current,School Requirements,00101594,Capstone Project for Mechanical Engineering,HTU,,00101490,7,3c891da3-1138-eb11-9240-00155d404d09_fa9e0e99ae774274bc84a8ca9fd349d4.pdf
Mechanical Engineering,School of Engineering Technology,BSc,"2022, version Jan. 2025",current,School Requirements,00101598,Capstone Project for Mechanical Engineering Continuation,HTU,,00101594,7,3c891da3-1138-eb11-9240-00155d404d09_fa9e0e99ae774274bc84a8ca9fd349d4.pdf
Mechanical Engineering,School of Engineering Technology,BSc,"2022, version Jan. 2025",current,School Requirements,00102102,STEM Lab II,HTU,,00103101,6,3c891da3-1138-eb11-9240-00155d404d09_fa9e0e99ae774274bc84a8ca9fd349d4.pdf
Mechanical Engineering,School of Engineering Technology,BSc,"2022, version Jan. 2025",current,School Requirements,00102111,Engineering Science,HNC,,30303112,6,3c891da3-1138-eb11-9240-00155d404d09_fa9e0e99ae774274bc84a8ca9fd349d4.pdf
Mechanical Engineering,School of Engineering Technology,BSc,"2022, version Jan. 2025",current,School Requirements,00102220,Managing a Professional Engineering Project,HNC,,00101112,6,3c891da3-1138-eb11-9240-00155d404d09_fa9e0e99ae774274bc84a8ca9fd349d4.pdf
Mechanical Engineering,School of Engineering Technology,BSc,"2022, version Jan. 2025",current,School Requirements,00102321,Professional Engineering Management,HND,,00102220,7,3c891da3-1138-eb11-9240-00155d404d09_fa9e0e99ae774274bc84a8ca9fd349d4.pdf
Mechanical Engineering,School of Engineering Technology,BSc,"2022, version Jan. 2025",current,School Requirements,00102330,Energy Resources and Conversion,HTU,,00101240,8,3c891da3-1138-eb11-9240-00155d404d09_fa9e0e99ae774274bc84a8ca9fd349d4.pdf
Mechanical Engineering,School of Engineering Technology,BSc,"2022, version Jan. 2025",current,School Requirements,00102340,Renewable Energy Systems and Technologies,HTU,,00102111,8,3c891da3-1138-eb11-9240-00155d404d09_fa9e0e99ae774274bc84a8ca9fd349d4.pdf
Mechanical Engineering,School of Engineering Technology,BSc,"2022, version Jan. 2025",current,School Requirements,00102522,Maintenance Engineering,HTU,,00102321,8,3c891da3-1138-eb11-9240-00155d404d09_fa9e0e99ae774274bc84a8ca9fd349d4.pdf
Mechanical Engineering,School of Engineering Technology,BSc,"2022, version Jan. 2025",current,School Requirements,00102523,"Health, Safety, and Environment",HTU,,00102321,7,3c891da3-1138-eb11-9240-00155d404d09_fa9e0e99ae774274bc84a8ca9fd349d4.pdf
Mechanical Engineering,School of Engineering Technology,BSc,"2022, version Jan. 2025",current,School Requirements,00102542,Solar Thermal Systems,HTU,,00101442,8,3c891da3-1138-eb11-9240-00155d404d09_fa9e0e99ae774274bc84a8ca9fd349d4.pdf
Mechanical Engineering,School of Engineering Technology,BSc,"2022, version Jan. 2025",current,School Requirements,00103101,STEM Lab I,HTU,,-,6,3c891da3-1138-eb11-9240-00155d404d09_fa9e0e99ae774274bc84a8ca9fd349d4.pdf
Mechanical Engineering,School of Engineering Technology,BSc,"2022, version Jan. 2025",current,School Requirements,00103110,Engineering Math,HNC,,30303111,6,3c891da3-1138-eb11-9240-00155d404d09_fa9e0e99ae774274bc84a8ca9fd349d4.pdf
Mechanical Engineering,School of Engineering Technology,BSc,"2022, version Jan. 2025",current,School Requirements,00103213,Further Mathematics,HND,,00103110,7,3c891da3-1138-eb11-9240-00155d404d09_fa9e0e99ae774274bc84a8ca9fd349d4.pdf
Mechanical Engineering,School of Engineering Technology,BSc,"2022, version Jan. 2025",current,School Requirements,00103230,Electrical and Electronic Principles,HTU,,00102111,7,3c891da3-1138-eb11-9240-00155d404d09_fa9e0e99ae774274bc84a8ca9fd349d4.pdf
Mechanical Engineering,School of Engineering Technology,BSc,"2022, version Jan. 2025",current,School Requirements,00103250,Instrumentation and control systems,HTU,,00103230,7,3c891da3-1138-eb11-9240-00155d404d09_fa9e0e99ae774274bc84a8ca9fd349d4.pdf
Mechanical Engineering,School of Engineering Technology,BSc,"2022, version Jan. 2025",current,School Requirements,00103554,Mobile Robotics,HTU,,00103250 or 00101535,8,3c891da3-1138-eb11-9240-00155d404d09_fa9e0e99ae774274bc84a8ca9fd349d4.pdf
Mechanical Engineering,School of Engineering Technology,BSc,"2022, version Jan. 2025",current,School Requirements,00103555,Industrial Robotics,HTU,,00103250,8,3c891da3-1138-eb11-9240-00155d404d09_fa9e0e99ae774274bc84a8ca9fd349d4.pdf
Mechanical Engineering,School of Engineering Technology,BSc,"2022, version Jan. 2025",current,School Requirements,00103583,Programmable Logic Controller,HTU,,00103250,8,3c891da3-1138-eb11-9240-00155d404d09_fa9e0e99ae774274bc84a8ca9fd349d4.pdf
Mechanical Engineering,School of Engineering Technology,BSc,"2022, version Jan. 2025",current,School Requirements,00106200,Introduction to AI and Data Sciences,HTU,,40303130 & 00103110,6,3c891da3-1138-eb11-9240-00155d404d09_fa9e0e99ae774274bc84a8ca9fd349d4.pdf
Mechanical Engineering,School of Engineering Technology,BSc,"2022, version Jan. 2025",current,School Requirements,30303111,Functional Math,HTU,,30303110,6,3c891da3-1138-eb11-9240-00155d404d09_fa9e0e99ae774274bc84a8ca9fd349d4.pdf
Mechanical Engineering,School of Engineering Technology,BSc,"2022, version Jan. 2025",current,School Requirements,30303112,Functional Physics,HTU,,-,6,3c891da3-1138-eb11-9240-00155d404d09_fa9e0e99ae774274bc84a8ca9fd349d4.pdf
Mechanical Engineering,School of Engineering Technology,BSc,"2022, version Jan. 2025",current,School Requirements,40303130,Fundamentals of Computing,HTU,,-,6,3c891da3-1138-eb11-9240-00155d404d09_fa9e0e99ae774274bc84a8ca9fd349d4.pdf
Mechanical Engineering,School of Engineering Technology,BSc,"2022, version Jan. 2025",current,University Requirements,30301111,Arabic Language & Communication Skills,,,30301110,5,3c891da3-1138-eb11-9240-00155d404d09_fa9e0e99ae774274bc84a8ca9fd349d4.pdf
Mechanical Engineering,School of Engineering Technology,BSc,"2022, version Jan. 2025",current,University Requirements,30301121,Pre-Intermediate English Intensive + Lab,,,30301120 Pre-Foundation English Elementary Intensive,5,3c891da3-1138-eb11-9240-00155d404d09_fa9e0e99ae774274bc84a8ca9fd349d4.pdf
Mechanical Engineering,School of Engineering Technology,BSc,"2022, version Jan. 2025",current,University Requirements,30301122,English Intermediate,,,30301121,5,3c891da3-1138-eb11-9240-00155d404d09_fa9e0e99ae774274bc84a8ca9fd349d4.pdf
Mechanical Engineering,School of Engineering Technology,BSc,"2022, version Jan. 2025",current,University Requirements,30301123,English Upper-Intermediate,,,30301122,5,3c891da3-1138-eb11-9240-00155d404d09_fa9e0e99ae774274bc84a8ca9fd349d4.pdf
Mechanical Engineering,School of Engineering Technology,BSc,"2022, version Jan. 2025",current,University Requirements,30301124,English Advanced,,,30301123,5,3c891da3-1138-eb11-9240-00155d404d09_fa9e0e99ae774274bc84a8ca9fd349d4.pdf
Mechanical Engineering,School of Engineering Technology,BSc,"2022, version Jan. 2025",current,University Requirements,30301130,Foundational French Language,,,-,5,3c891da3-1138-eb11-9240-00155d404d09_fa9e0e99ae774274bc84a8ca9fd349d4.pdf
Mechanical Engineering,School of Engineering Technology,BSc,"2022, version Jan. 2025",current,University Requirements,30301131,French Language Level 1,,,30301130,5,3c891da3-1138-eb11-9240-00155d404d09_fa9e0e99ae774274bc84a8ca9fd349d4.pdf
Mechanical Engineering,School of Engineering Technology,BSc,"2022, version Jan. 2025",current,University Requirements,30301140,Foundational German Language,,,-,5,3c891da3-1138-eb11-9240-00155d404d09_fa9e0e99ae774274bc84a8ca9fd349d4.pdf
Mechanical Engineering,School of Engineering Technology,BSc,"2022, version Jan. 2025",current,University Requirements,30301141,German Language level 1,,,30301140,5,3c891da3-1138-eb11-9240-00155d404d09_fa9e0e99ae774274bc84a8ca9fd349d4.pdf
Mechanical Engineering,School of Engineering Technology,BSc,"2022, version Jan. 2025",current,University Requirements,30301150,Spanish Language,,,-,5,3c891da3-1138-eb11-9240-00155d404d09_fa9e0e99ae774274bc84a8ca9fd349d4.pdf
Mechanical Engineering,School of Engineering Technology,BSc,"2022, version Jan. 2025",current,University Requirements,30301160,Turkish Language,,,-,5,3c891da3-1138-eb11-9240-00155d404d09_fa9e0e99ae774274bc84a8ca9fd349d4.pdf
Mechanical Engineering,School of Engineering Technology,BSc,"2022, version Jan. 2025",current,University Requirements,30301170,Foundations of Italian Language,,,-,5,3c891da3-1138-eb11-9240-00155d404d09_fa9e0e99ae774274bc84a8ca9fd349d4.pdf
Mechanical Engineering,School of Engineering Technology,BSc,"2022, version Jan. 2025",current,University Requirements,30301171,Italian Language,,,30301170,5,3c891da3-1138-eb11-9240-00155d404d09_fa9e0e99ae774274bc84a8ca9fd349d4.pdf
Mechanical Engineering,School of Engineering Technology,BSc,"2022, version Jan. 2025",current,University Requirements,30301180,Chinese Language,,,-,5,3c891da3-1138-eb11-9240-00155d404d09_fa9e0e99ae774274bc84a8ca9fd349d4.pdf
Mechanical Engineering,School of Engineering Technology,BSc,"2022, version Jan. 2025",current,University Requirements,30301221,Development Academic Writing,,,30301124,5,3c891da3-1138-eb11-9240-00155d404d09_fa9e0e99ae774274bc84a8ca9fd349d4.pdf
Mechanical Engineering,School of Engineering Technology,BSc,"2022, version Jan. 2025",current,University Requirements,30301222,Research and Technical Writing,,,30301124,5,3c891da3-1138-eb11-9240-00155d404d09_fa9e0e99ae774274bc84a8ca9fd349d4.pdf
Mechanical Engineering,School of Engineering Technology,BSc,"2022, version Jan. 2025",current,University Requirements,30301223,Introduction to Translation,,,30301124,5,3c891da3-1138-eb11-9240-00155d404d09_fa9e0e99ae774274bc84a8ca9fd349d4.pdf
Mechanical Engineering,School of Engineering Technology,BSc,"2022, version Jan. 2025",current,University Requirements,30301224,Arabic Calligraphy,,,-,5,3c891da3-1138-eb11-9240-00155d404d09_fa9e0e99ae774274bc84a8ca9fd349d4.pdf
Mechanical Engineering,School of Engineering Technology,BSc,"2022, version Jan. 2025",current,University Requirements,30301232,French Language Level 2,,,30301131,5,3c891da3-1138-eb11-9240-00155d404d09_fa9e0e99ae774274bc84a8ca9fd349d4.pdf
Mechanical Engineering,School of Engineering Technology,BSc,"2022, version Jan. 2025",current,University Requirements,30301233,French Language Level 3,,,30301232,5,3c891da3-1138-eb11-9240-00155d404d09_fa9e0e99ae774274bc84a8ca9fd349d4.pdf
Mechanical Engineering,School of Engineering Technology,BSc,"2022, version Jan. 2025",current,University Requirements,30302121,Science & Society Seminar I: Arab Contributions to Science and Arts,,,-,5,3c891da3-1138-eb11-9240-00155d404d09_fa9e0e99ae774274bc84a8ca9fd349d4.pdf
Mechanical Engineering,School of Engineering Technology,BSc,"2022, version Jan. 2025",current,University Requirements,30302122,Science & Society Seminar II: Philosophy of Science,,,-,5,3c891da3-1138-eb11-9240-00155d404d09_fa9e0e99ae774274bc84a8ca9fd349d4.pdf
Mechanical Engineering,School of Engineering Technology,BSc,"2022, version Jan. 2025",current,University Requirements,30302123,Art Appreciation and Techniques,,,-,5,3c891da3-1138-eb11-9240-00155d404d09_fa9e0e99ae774274bc84a8ca9fd349d4.pdf
Mechanical Engineering,School of Engineering Technology,BSc,"2022, version Jan. 2025",current,University Requirements,30302124,Civil & Professional Culture,,,-,5,3c891da3-1138-eb11-9240-00155d404d09_fa9e0e99ae774274bc84a8ca9fd349d4.pdf
Mechanical Engineering,School of Engineering Technology,BSc,"2022, version Jan. 2025",current,University Requirements,30302129,Military Science,,,-,5,3c891da3-1138-eb11-9240-00155d404d09_fa9e0e99ae774274bc84a8ca9fd349d4.pdf
Mechanical Engineering,School of Engineering Technology,BSc,"2022, version Jan. 2025",current,University Requirements,30302232,Leadership Camp,,,30302231 or 40302231,5,3c891da3-1138-eb11-9240-00155d404d09_fa9e0e99ae774274bc84a8ca9fd349d4.pdf
Mechanical Engineering,School of Engineering Technology,BSc,"2022, version Jan. 2025",current,University Requirements,40302111,Professional Skills,,,-,5,3c891da3-1138-eb11-9240-00155d404d09_fa9e0e99ae774274bc84a8ca9fd349d4.pdf
Mechanical Engineering,School of Engineering Technology,BSc,"2022, version Jan. 2025",current,University Requirements,40302211,Professional Practice,,,40302111 & 30301122,5,3c891da3-1138-eb11-9240-00155d404d09_fa9e0e99ae774274bc84a8ca9fd349d4.pdf
Mechanical Engineering,School of Engineering Technology,BSc,"2022, version Jan. 2025",current,University Requirements,40302231,Entrepreneurship Bootcamp,,,30301123 & 40302211,5,3c891da3-1138-eb11-9240-00155d404d09_fa9e0e99ae774274bc84a8ca9fd349d4.pdf
